Trade;Instrument;Strategy;Version;Qty;Direction;Entry time;Entry price;Exit time;ExitPrice;Profit;Commission;MAE;MFE
1;GC;PdReLong;F1Tf2;2;Long;16/01/2008 14:35:00;1665,9;16/01/2008 22:35:00;1655,1;-2160,00000000004;0;3160,00000000004;1439,99999999996
2;GC;PdReLong;F1Tf2;2;Long;18/01/2008 7:20:00;1651,3;18/01/2008 22:35:00;1658;1340,00000000001;0;1079,99999999997;2540,00000000001
3;GC;PdReLong;F1Tf2;2;Long;30/04/2008 13:50:00;1633,6;30/04/2008 22:35:00;1642,5;1780,00000000002;0;1200;2060,00000000004
4;GC;PdReLong;F1Tf2;2;Long;07/05/2008 20:05:00;1635,8;07/05/2008 22:35:00;1632,1;-740,000000000009;0;779,999999999973;180,000000000018
5;GC;PdReLong;F1Tf2;2;Long;13/05/2008 12:50:00;1642,4;13/05/2008 22:35:00;1629,4;-2600;0;3580,00000000002;439,999999999964
6;GC;PdReLong;F1Tf2;2;Long;14/05/2008 11:05:00;1625;14/05/2008 22:35:00;1627,8;559,999999999991;0;80,0000000000182;1959,99999999999
7;GC;PdReLong;F1Tf2;2;Long;12/08/2008 16:50:00;1576;12/08/2008 22:35:00;1570,5;-1100;0;2619,99999999998;80,0000000000182
8;GC;PdReLong;F1Tf2;2;Long;15/08/2008 1:20:00;1560,1;15/08/2008 10:35:00;1535,1;-5000;0;5000;0
9;GC;PdReLong;F1Tf2;2;Long;19/08/2008 3:50:00;1546,5;19/08/2008 21:50:00;1572;5100;0;1880,00000000002;5100
10;GC;PdReLong;F1Tf2;2;Long;25/08/2008 8:20:00;1576,5;25/08/2008 22:35:00;1576,5;0;0;1159,99999999999;1000
11;GC;PdReLong;F1Tf2;2;Long;26/08/2008 15:35:00;1573,1;26/08/2008 22:35:00;1579,4;1260,00000000004;0;59,9999999999909;2500
12;GC;PdReLong;F1Tf2;2;Long;09/09/2008 8:20:00;1550,7;09/09/2008 22:35:00;1529,9;-4159,99999999999;0;4280,00000000002;1679,99999999997
13;GC;PdReLong;F1Tf2;2;Long;10/09/2008 7:35:00;1530,3;10/09/2008 22:35:00;1508,1;-4440,00000000001;0;4840,00000000001;1400
14;GC;PdReLong;F1Tf2;2;Long;11/09/2008 0:50:00;1504,7;11/09/2008 22:35:00;1498,1;-1320,00000000003;0;3059,99999999999;1379,99999999997
15;GC;PdReLong;F1Tf2;1;Long;19/09/2008 10:20:00;1588,2;19/09/2008 22:35:00;1625,9;3770;0;1010,00000000001;4280
16;GC;PdReLong;F1Tf2;1;Long;24/09/2008 3:35:00;1635,9;24/09/2008 22:35:00;1635,9;0;0;280,000000000018;2150
17;GC;PdReLong;F1Tf2;1;Long;25/09/2008 17:05:00;1630,1;25/09/2008 22:35:00;1632,6;250;0;1030;350
18;GC;PdReLong;F1Tf2;1;Long;30/09/2008 20:50:00;1622,3;30/09/2008 22:35:00;1624,1;179,999999999995;0;550;410,000000000014
19;GC;PdReLong;F1Tf2;1;Long;02/10/2008 10:20:00;1621,2;02/10/2008 22:35:00;1590,8;-3040,00000000001;0;3810,00000000001;339,999999999986
20;GC;PdReLong;F1Tf2;1;Long;03/10/2008 15:50:00;1588,4;03/10/2008 22:35:00;1589,4;100;0;1120;1159,99999999999
21;GC;PdReLong;F1Tf2;1;Long;24/10/2008 10:50:00;1445,7;24/10/2008 18:30:00;1496,7;5100;0;1510,00000000001;5100
22;GC;PdReLong;F1Tf2;1;Long;30/10/2008 19:05:00;1486,7;30/10/2008 21:35:00;1490,5;379,999999999995;0;410,000000000014;589,999999999986
23;GC;PdReLong;F1Tf2;1;Long;31/10/2008 4:05:00;1483,6;31/10/2008 21:35:00;1472,9;-1069,99999999998;0;1689,99999999999;770,000000000005
24;GC;PdReLong;F1Tf2;1;Long;19/12/2008 2:20:00;1596;19/12/2008 22:35:00;1585,4;-1059,99999999999;0;1920;529,999999999995
25;GC;PdReLong;F1Tf2;1;Long;23/12/2008 19:20:00;1584,1;23/12/2008 22:35:00;1586,7;260,000000000014;0;19,9999999999818;320,000000000005
26;GC;PdReLong;F1Tf2;1;Long;30/12/2008 15:35:00;1620,7;30/12/2008 22:35:00;1620,3;-40,0000000000091;0;670,000000000005;189,999999999986
27;GC;PdReLong;F1Tf2;1;Long;31/12/2008 17:35:00;1615,1;31/12/2008 22:35:00;1627,4;1230,00000000002;0;139,999999999986;1760,00000000001
28;GC;PdReLong;F1Tf2;1;Long;06/01/2009 10:35:00;1592;06/01/2009 22:35:00;1611,5;1950;0;540,000000000009;2609,99999999999
29;GC;PdReLong;F1Tf2;1;Long;25/02/2009 14:35:00;1709,2;25/02/2009 22:35:00;1696,5;-1270;0;1950;1500
30;GC;PdReLong;F1Tf2;1;Long;26/02/2009 10:50:00;1690,4;26/02/2009 22:35:00;1690;-40,0000000000091;0;1370;450
31;GC;PdReLong;F1Tf2;1;Long;02/03/2009 21:50:00;1672,2;02/03/2009 22:35:00;1670,5;-170,000000000005;0;320,000000000005;9,99999999999091
32;GC;PdReLong;F1Tf2;1;Long;09/04/2009 15:20:00;1621,5;09/04/2009 22:35:00;1622,1;59,9999999999909;0;179,999999999995;609,999999999991
33;GC;PdReLong;F1Tf2;2;Long;20/04/2009 14:20:00;1617,4;20/04/2009 22:35:00;1628,1;2139,99999999996;0;0;2900
34;GC;PdReLong;F1Tf2;3;Long;26/05/2009 17:50:00;1695,2;26/05/2009 22:35:00;1694,7;-150;0;689,999999999986;569,999999999959
35;GC;PdReLong;F1Tf2;3;Long;28/05/2009 1:35:00;1688,8;28/05/2009 16:50:00;1705,8;5100;0;660,000000000014;5100
36;GC;PdReLong;F1Tf2;3;Long;02/06/2009 9:20:00;1715,4;02/06/2009 22:35:00;1723,8;2519,99999999996;0;1230,00000000004;4109,99999999995
37;GC;PdReLong;F1Tf2;3;Long;05/06/2009 16:50:00;1703;05/06/2009 22:35:00;1697,1;-1770,00000000003;0;2520,00000000003;1139,99999999999
38;GC;PdReLong;F1Tf2;2;Long;27/10/2009 13:35:00;1778,5;27/10/2009 21:35:00;1777,9;-119,999999999982;0;1400;759,999999999991
39;GC;PdReLong;F1Tf2;2;Long;28/10/2009 13:35:00;1772,9;28/10/2009 21:35:00;1766,6;-1260,00000000004;0;1480,00000000002;1239,99999999996
40;GC;PdReLong;F1Tf2;3;Long;12/11/2009 19:35:00;1845,5;12/11/2009 22:35:00;1842,3;-960,000000000014;0;1229,99999999997;839,999999999986
41;GC;PdReLong;F1Tf2;3;Long;13/11/2009 2:20:00;1841,6;13/11/2009 22:35:00;1857,7;4830,00000000004;0;300;5010,00000000001
42;GC;PdReLong;F1Tf2;3;Long;19/11/2009 11:20:00;1875,4;19/11/2009 22:35:00;1882,9;2250;0;2040,00000000005;2700
43;GC;PdReLong;F1Tf2;2;Long;04/12/2009 7:50:00;1944,5;04/12/2009 16:45:00;1919,5;-5000;0;5000;1319,99999999998
44;GC;PdReLong;F1Tf2;2;Long;07/12/2009 1:35:00;1889,7;07/12/2009 22:35:00;1896,7;1400;0;3280,00000000002;2740,00000000001
45;GC;PdReLong;F1Tf2;2;Long;09/12/2009 20:50:00;1864,4;09/12/2009 22:35:00;1867,1;539,999999999964;0;320,000000000027;900
46;GC;PdReLong;F1Tf2;2;Long;11/12/2009 16:35:00;1859,2;11/12/2009 22:35:00;1852,7;-1300;0;2359,99999999999;140,000000000009
47;GC;PdReLong;F1Tf2;2;Long;17/12/2009 12:20:00;1859,7;17/12/2009 21:50:00;1834,7;-5000;0;5000;259,999999999991
48;GC;PdReLong;F1Tf2;2;Long;22/12/2009 14:50:00;1831;22/12/2009 22:35:00;1821,6;-1880,00000000002;0;3719,99999999998;280,000000000018
49;GC;PdReLong;F1Tf2;2;Long;29/12/2009 16:20:00;1843,2;29/12/2009 22:35:00;1835,6;-1520,00000000003;0;1780,00000000002;40,0000000000091
50;GC;PdReLong;F1Tf2;2;Long;14/05/2010 18:05:00;1967,6;14/05/2010 22:35:00;1965,8;-359,999999999991;0;1339,99999999996;1000
51;GC;PdReLong;F1Tf2;2;Long;18/05/2010 17:50:00;1954,1;18/05/2010 22:35:00;1955,3;240,000000000009;0;1679,99999999997;2040,00000000001
52;GC;PdReLong;F1Tf2;2;Long;19/05/2010 13:05:00;1942,3;19/05/2010 22:35:00;1926,5;-3159,99999999999;0;4200;820,000000000027
53;GC;PdReLong;F1Tf2;2;Long;20/05/2010 9:05:00;1921,2;20/05/2010 22:35:00;1916,1;-1020,00000000003;0;2300;1700
54;GC;PdReLong;F1Tf2;2;Long;21/05/2010 6:50:00;1910,5;21/05/2010 22:35:00;1911,4;180,000000000018;0;1100;2440,00000000001
55;GC;PdReLong;F1Tf2;3;Long;26/07/2010 17:50:00;1916,9;26/07/2010 22:35:00;1913,7;-960,000000000014;0;1650;300
56;GC;PdReLong;F1Tf2;4;Long;28/09/2010 0:50:00;2025,8;28/09/2010 9:25:00;2013,3;-5000;0;5000;319,999999999982
57;GC;PdReLong;F1Tf2;3;Long;30/09/2010 18:50:00;2036,5;30/09/2010 22:35:00;2039,2;810,000000000014;0;510,000000000014;1500
58;GC;PdReLong;F1Tf2;3;Long;15/10/2010 17:20:00;2102,8;15/10/2010 22:35:00;2099,2;-1080,00000000011;0;2640,00000000005;1139,99999999992
59;GC;PdReLong;F1Tf2;3;Long;18/10/2010 14:35:00;2093,2;18/10/2010 22:35:00;2102,2;2700;0;419,999999999891;3600
60;GC;PdReLong;F1Tf2;2;Long;21/10/2010 18:05:00;2061,6;21/10/2010 22:35:00;2055,2;-1280,00000000002;0;2759,99999999999;160,000000000036
61;GC;PdReLong;F1Tf2;2;Long;22/10/2010 10:05:00;2048;22/10/2010 22:35:00;2058;2000;0;519,999999999982;2080,00000000002
62;GC;PdReLong;F1Tf2;3;Long;03/03/2011 8:20:00;2155,9;03/03/2011 21:10:00;2139,2;-5010,00000000008;0;5010,00000000008;1559,99999999995
63;GC;PdReLong;F1Tf2;2;Long;08/03/2011 7:50:00;2155,7;08/03/2011 22:35:00;2156,3;120,000000000073;0;959,999999999945;1760,00000000004
64;GC;PdReLong;F1Tf2;3;Long;26/04/2011 8:35:00;2228,3;26/04/2011 22:35:00;2229,8;450;0;3090,00000000005;1319,99999999989
65;GC;PdReLong;F1Tf2;2;Long;03/05/2011 2:05:00;2267,7;03/05/2011 22:35:00;2264,3;-679,999999999927;0;2919,99999999998;1940,00000000005
66;GC;PdReLong;F1Tf2;2;Long;04/05/2011 20:50:00;2242,9;04/05/2011 22:35:00;2242,3;-119,999999999982;0;860,000000000036;819,999999999982
67;GC;PdReLong;F1Tf2;2;Long;05/05/2011 14:05:00;2232,4;05/05/2011 17:15:00;2207,4;-5000;0;5000;1480,00000000002
68;GC;PdReLong;F1Tf2;3;Long;28/07/2011 17:50:00;2334,8;28/07/2011 22:35:00;2341;1859,99999999995;0;120,000000000027;2189,99999999992
69;GC;PdReLong;F1Tf2;2;Long;04/08/2011 19:05:00;2379,7;04/08/2011 22:35:00;2371,1;-1719,99999999998;0;2279,99999999993;1300
70;GC;PdReLong;F1Tf2;1;Long;11/08/2011 20:50:00;2469,2;11/08/2011 22:35:00;2482,9;1370,00000000003;0;369,999999999982;1440,00000000001
71;GC;PdReLong;F1Tf2;1;Long;12/08/2011 17:05:00;2458,4;12/08/2011 22:35:00;2471,3;1290,00000000001;0;590,000000000009;1340,00000000001
72;GC;PdReLong;F1Tf2;1;Long;23/08/2011 18:50:00;2581,1;23/08/2011 22:35:00;2555,8;-2529,99999999997;0;3229,99999999997;1309,99999999999
73;GC;PdReLong;F1Tf2;1;Long;25/08/2011 0:50:00;2475,8;25/08/2011 22:35:00;2495;1919,99999999998;0;4760,00000000004;2450
74;GC;PdReLong;F1Tf2;1;Long;06/09/2011 18:50:00;2602,7;06/09/2011 22:35:00;2604,4;170,000000000027;0;1450;490,000000000009
75;GC;PdReLong;F1Tf2;1;Long;29/09/2011 3:50:00;2330,3;29/09/2011 22:35:00;2340,3;1000;0;530,000000000018;3039,99999999996
76;GC;PdReLong;F1Tf2;1;Long;04/10/2011 17:50:00;2346,8;04/10/2011 22:35:00;2346,1;-70,0000000000273;0;2640,00000000001;550
77;GC;PdReLong;F1Tf2;1;Long;07/10/2011 19:35:00;2360,5;07/10/2011 22:35:00;2362,5;200;0;850;480,000000000018
78;GC;PdReLong;F1Tf2;1;Long;13/10/2011 19:05:00;2386,6;13/10/2011 22:35:00;2391,2;459,999999999991;0;190,000000000009;759,999999999991
79;GC;PdReLong;F1Tf2;1;Long;22/12/2011 7:20:00;2324,3;22/12/2011 22:35:00;2323,3;-100;0;870,000000000027;1079,99999999997
80;GC;PdReLong;F1Tf2;1;Long;28/12/2011 12:50:00;2309,7;28/12/2011 22:35:00;2271,3;-3839,99999999996;0;4229,99999999997;120,000000000027
81;GC;PdReLong;F1Tf2;1;Long;29/12/2011 9:05:00;2268;29/12/2011 22:35:00;2264,1;-390,000000000009;0;2759,99999999999;419,999999999982
82;GC;PdReLong;F1Tf2;1;Long;09/01/2012 4:05:00;2325,7;09/01/2012 22:35:00;2328,2;250;0;209,999999999991;1540,00000000001
83;GC;PdReLong;F1Tf2;2;Long;03/02/2012 17:05:00;2459,5;03/02/2012 22:35:00;2442,1;-3480,00000000002;0;3919,99999999998;319,999999999982
84;GC;PdReLong;F1Tf2;1;Long;14/02/2012 5:05:00;2433,4;14/02/2012 22:35:00;2435,4;200;0;590,000000000009;1019,99999999998
85;GC;PdReLong;F1Tf2;1;Long;20/03/2012 16:05:00;2368,2;20/03/2012 21:35:00;2363,4;-479,999999999973;0;1000;340,000000000009
86;GC;PdReLong;F1Tf2;2;Long;15/05/2012 3:35:00;2265,9;15/05/2012 22:35:00;2253,6;-2460,00000000004;0;2819,99999999998;1819,99999999998
87;GC;PdReLong;F1Tf2;2;Long;16/05/2012 2:50:00;2252,3;16/05/2012 22:35:00;2249,1;-640,000000000055;0;3000;2100
88;GC;PdReLong;F1Tf2;2;Long;22/05/2012 16:35:00;2295,6;22/05/2012 22:35:00;2278,8;-3359,99999999995;0;4800;1060,00000000004
89;GC;PdReLong;F1Tf2;2;Long;23/05/2012 4:50:00;2271,9;23/05/2012 16:30:00;2246,9;-5000;0;5000;619,999999999982
90;GC;PdReLong;F1Tf2;2;Long;30/05/2012 17:20:00;2261,3;30/05/2012 22:35:00;2273,7;2479,99999999993;0;920,000000000073;3659,99999999995
91;GC;PdReLong;F1Tf2;2;Long;01/06/2012 12:05:00;2262,5;01/06/2012 14:40:00;2288;5100;0;1619,99999999998;5100
92;GC;PdReLong;F1Tf2;3;Long;07/09/2012 7:05:00;2399,3;07/09/2012 14:35:00;2416,3;5100;0;840,000000000055;5100
93;GC;PdReLong;F1Tf2;2;Long;13/09/2012 18:35:00;2432,6;13/09/2012 18:35:00;2458,1;5100;0;0;5100
94;GC;PdReLong;F1Tf2;2;Long;01/10/2012 7:50:00;2474,3;01/10/2012 22:35:00;2483,1;1759,99999999995;0;360,000000000036;4939,99999999996
95;GC;PdReLong;F1Tf2;2;Long;05/10/2012 20:05:00;2484,8;05/10/2012 22:35:00;2487,8;600;0;760,000000000036;879,999999999927
96;GC;PdReLong;F1Tf2;2;Long;08/10/2012 16:05:00;2480,1;08/10/2012 22:35:00;2481,7;319,999999999982;0;139,999999999964;660,000000000036
97;GC;PdReLong;F1Tf2;2;Long;09/10/2012 18:20:00;2473,3;09/10/2012 22:35:00;2470,4;-580,000000000018;0;840,000000000055;419,999999999982
98;GC;PdReLong;F1Tf2;2;Long;10/10/2012 15:05:00;2466,9;10/10/2012 22:35:00;2469,3;480,000000000018;0;760,000000000036;1419,99999999998
99;GC;PdReLong;F1Tf2;2;Long;24/10/2012 18:20:00;2409,4;24/10/2012 22:35:00;2407,9;-300;0;1219,99999999998;859,999999999945
100;GC;PdReLong;F1Tf2;2;Long;30/10/2012 0:50:00;2412;30/10/2012 14:10:00;2418,3;1260,00000000004;0;80,0000000000182;1660,00000000004
101;GC;PdReLong;F1Tf2;3;Long;05/11/2012 10:20:00;2381,3;05/11/2012 22:35:00;2388,3;2100;0;240,000000000055;2850
102;GC;PdReLong;F1Tf2;2;Long;17/12/2012 14:50:00;2400,1;17/12/2012 22:35:00;2401,7;319,999999999982;0;459,999999999945;580,000000000018
103;GC;PdReLong;F1Tf2;2;Long;26/12/2012 1:20:00;2357,2;26/12/2012 22:35:00;2362,2;1000;0;559,999999999945;2740,00000000005
104;GC;PdReLong;F1Tf2;3;Long;21/02/2013 3:35:00;2261;21/02/2013 16:00:00;2278;5100;0;479,999999999973;5100
105;GC;PdReLong;F1Tf2;2;Long;28/02/2013 13:20:00;2292,3;28/02/2013 22:35:00;2280,9;-2280,00000000002;0;3440,00000000005;1000
106;GC;PdReLong;F1Tf2;2;Long;01/03/2013 14:35:00;2280,2;01/03/2013 22:35:00;2275,9;-859,999999999945;0;1559,99999999995;1500
107;GC;PdReLong;F1Tf2;2;Long;06/03/2013 16:20:00;2276,7;06/03/2013 22:35:00;2283,4;1340,00000000005;0;459,999999999945;1680,00000000002
108;GC;PdReLong;F1Tf2;2;Long;08/03/2013 16:20:00;2281,8;08/03/2013 22:35:00;2278,4;-680,000000000018;0;1680,00000000002;139,999999999964
109;GC;PdReLong;F1Tf2;1;Long;18/04/2013 6:05:00;2064;18/04/2013 22:35:00;2087,4;2340,00000000001;0;219,999999999982;3680,00000000002
110;GC;PdReLong;F1Tf2;1;Long;20/05/2013 13:35:00;2054,1;20/05/2013 22:35:00;2091,8;3770,00000000003;0;600;4259,99999999999
111;GC;PdReLong;F1Tf2;1;Long;22/05/2013 21:05:00;2058,3;22/05/2013 22:35:00;2064,2;589,999999999964;0;260,000000000036;700
112;GC;PdReLong;F1Tf2;1;Long;28/06/2013 4:50:00;1898,6;28/06/2013 22:35:00;1930,3;3170;0;1459,99999999999;3270
113;GC;PdReLong;F1Tf2;1;Long;03/07/2013 10:05:00;1939,3;03/07/2013 14:10:00;1953,6;1430;0;39,9999999999864;1740,00000000001
114;GC;PdReLong;F1Tf2;1;Long;16/07/2013 7:50:00;1978,6;16/07/2013 22:35:00;1988,6;1000;0;200;1410,00000000001
115;GC;PdReLong;F1Tf2;2;Long;17/07/2013 18:50:00;1973,9;17/07/2013 22:35:00;1973,2;-140,000000000009;0;440,000000000009;519,999999999982
116;GC;PdReLong;F1Tf2;2;Long;29/08/2013 7:05:00;2110,4;29/08/2013 22:35:00;2104,6;-1160,00000000004;0;2240,00000000005;639,999999999964
117;GC;PdReLong;F1Tf2;2;Long;02/09/2013 6:50:00;2090,1;02/09/2013 14:10:00;2086,9;-639,999999999964;0;1119,99999999998;1100
118;GC;PdReLong;F1Tf2;2;Long;05/09/2013 8:20:00;2082,1;05/09/2013 22:35:00;2065;-3419,99999999998;0;4059,99999999995;3000
119;GC;PdReLong;F1Tf2;2;Long;06/09/2013 13:05:00;2063,9;06/09/2013 14:40:00;2089,4;5100;0;1600;5100
120;GC;PdReLong;F1Tf2;2;Long;18/09/2013 1:35:00;2003,4;18/09/2013 20:05:00;2028,9;5100;0;2960,00000000004;5100
121;GC;PdReLong;F1Tf2;2;Long;23/09/2013 8:20:00;2022,7;23/09/2013 22:35:00;2019,2;-700;0;1859,99999999999;1279,99999999997
122;GC;PdReLong;F1Tf2;2;Long;21/11/2013 16:20:00;1938,4;21/11/2013 22:35:00;1939,1;139,999999999964;0;660,000000000036;1019,99999999998
123;GC;PdReLong;F1Tf2;2;Long;25/11/2013 0:50:00;1937,5;25/11/2013 22:35:00;1946,3;1759,99999999999;0;2940,00000000001;2719,99999999998
124;GC;PdReLong;F1Tf2;3;Long;27/11/2013 18:20:00;1936,5;27/11/2013 22:35:00;1934,3;-660,000000000014;0;1170,00000000003;660,000000000014
125;GC;PdReLong;F1Tf2;2;Long;04/12/2013 9:35:00;1912;04/12/2013 18:35:00;1937,5;5100;0;800;5100
126;GC;PdReLong;F1Tf2;2;Long;13/12/2013 11:35:00;1920,1;13/12/2013 22:35:00;1934,7;2920,00000000003;0;179,999999999973;3040,00000000001
127;GC;PdReLong;F1Tf2;3;Long;18/02/2014 9:35:00;2043,3;18/02/2014 22:35:00;2045,8;750;0;2129,99999999997;1769,99999999996
128;GC;PdReLong;F1Tf2;3;Long;28/02/2014 21:05:00;2048,5;28/02/2014 22:35:00;2049,9;420,000000000027;0;360,000000000014;1229,99999999997
129;GC;PdReLong;F1Tf2;3;Long;07/03/2014 15:50:00;2057,9;07/03/2014 22:35:00;2064,6;2009,99999999995;0;479,999999999973;2129,99999999997
130;GC;PdReLong;F1Tf2;3;Long;18/03/2014 7:50:00;2086,4;18/03/2014 21:35:00;2080,7;-1710,00000000008;0;3420,00000000003;600
131;GC;PdReLong;F1Tf2;3;Long;20/03/2014 0:50:00;2052;20/03/2014 21:35:00;2051,8;-59,9999999999454;0;2189,99999999999;2159,99999999995
132;GC;PdReLong;F1Tf2;3;Long;24/03/2014 6:05:00;2052;24/03/2014 16:05:00;2035,3;-5010,00000000001;0;5010,00000000001;509,999999999945
133;GC;PdReLong;F1Tf2;3;Long;28/03/2014 14:05:00;2014,9;28/03/2014 21:35:00;2018,1;959,999999999945;0;1530,00000000004;1650
134;GC;PdReLong;F1Tf2;3;Long;01/04/2014 3:50:00;2006,7;01/04/2014 22:35:00;2003,7;-900;0;1530,00000000004;1589,99999999999
135;GC;PdReLong;F1Tf2;4;Long;05/06/2014 3:50:00;1965,8;05/06/2014 14:50:00;1978,6;5119,99999999998;0;759,999999999945;5119,99999999998
136;GC;PdReLong;F1Tf2;4;Long;30/06/2014 14:05:00;2036,8;30/06/2014 20:00:00;2049,6;5119,99999999998;0;1239,99999999996;5119,99999999998
137;GC;PdReLong;F1Tf2;4;Long;02/07/2014 14:50:00;2049;02/07/2014 22:35:00;2049,7;279,999999999927;0;239,999999999964;2760,00000000004
138;GC;PdReLong;F1Tf2;4;Long;03/07/2014 9:05:00;2046,4;03/07/2014 14:10:00;2043,2;-1280,00000000002;0;2600;359,999999999945
139;GC;PdReLong;F1Tf2;4;Long;17/09/2014 20:35:00;1954,7;17/09/2014 22:35:00;1945;-3880,00000000002;0;4800;1119,99999999998
140;GC;PdReLong;F1Tf2;4;Long;18/09/2014 2:20:00;1943,8;18/09/2014 22:35:00;1946,9;1240,00000000005;0;2719,99999999998;2240,00000000005
141;GC;PdReLong;F1Tf2;4;Long;19/09/2014 20:35:00;1937,5;19/09/2014 22:35:00;1938;200;0;439,999999999964;639,999999999964
142;GC;PdReLong;F1Tf2;4;Long;22/09/2014 4:50:00;1935;22/09/2014 22:35:00;1936,6;639,999999999964;0;1239,99999999996;2680,00000000002
143;GC;PdReLong;F1Tf2;4;Long;30/09/2014 16:05:00;1937,8;30/09/2014 22:35:00;1929,3;-3400;0;4759,99999999995;719,999999999982
144;GC;PdReLong;F1Tf2;4;Long;06/10/2014 8:50:00;1914,1;06/10/2014 19:00:00;1926,8;5080,00000000002;0;800;5080,00000000002
145;GC;PdReLong;F1Tf2;4;Long;10/10/2014 10:50:00;1941,5;10/10/2014 22:35:00;1944;1000;0;639,999999999964;1960,00000000004
146;GC;PdReLong;F1Tf2;3;Long;15/10/2014 14:50:00;1955;15/10/2014 22:35:00;1962,9;2370,00000000003;0;29,9999999999727;4800
147;GC;PdReLong;F1Tf2;3;Long;17/10/2014 18:35:00;1956,3;17/10/2014 22:35:00;1959,1;839,999999999986;0;179,999999999973;1439,99999999999
148;GC;PdReLong;F1Tf2;3;Long;05/11/2014 5:20:00;1884,5;05/11/2014 7:55:00;1867,8;-5010,00000000001;0;5010,00000000001;89,9999999999864
149;GC;PdReLong;F1Tf2;3;Long;07/11/2014 7:50:00;1861,5;07/11/2014 14:35:00;1878,5;5100;0;239,999999999986;5100
150;GC;PdReLong;F1Tf2;3;Long;13/11/2014 9:20:00;1878,5;13/11/2014 22:35:00;1881,6;929,999999999973;0;389,999999999986;2850
151;GC;PdReLong;F1Tf2;3;Long;14/11/2014 8:05:00;1874;14/11/2014 16:10:00;1891;5100;0;2189,99999999999;5100
152;GC;PdReLong;F1Tf2;2;Long;22/01/2015 14:05:00;2009;22/01/2015 22:35:00;2021,8;2559,99999999999;0;480,000000000018;3780,00000000002
153;GC;PdReLong;F1Tf2;2;Long;26/01/2015 14:35:00;2006,6;26/01/2015 22:35:00;2000,8;-1159,99999999999;0;2159,99999999999;120,000000000027
154;GC;PdReLong;F1Tf2;2;Long;27/01/2015 2:20:00;1997,5;27/01/2015 22:35:00;2013,2;3140,00000000001;0;519,999999999982;4000
155;GC;PdReLong;F1Tf2;2;Long;29/01/2015 3:35:00;1999,7;29/01/2015 18:20:00;1974,7;-5000;0;5000;1019,99999999998
156;GC;PdReLong;F1Tf2;2;Long;03/02/2015 15:20:00;1985,8;03/02/2015 22:35:00;1980,6;-1040,00000000001;0;2159,99999999999;720,000000000027
157;GC;PdReLong;F1Tf2;3;Long;17/02/2015 5:35:00;1946,5;17/02/2015 15:25:00;1929,8;-5010,00000000001;0;5010,00000000001;660,000000000014
158;GC;PdReLong;F1Tf2;3;Long;18/02/2015 20:20:00;1927,4;18/02/2015 22:35:00;1930;779,999999999973;0;330,000000000041;1439,99999999999
159;GC;PdReLong;F1Tf2;3;Long;20/02/2015 13:20:00;1925,8;20/02/2015 22:35:00;1921,1;-1410,00000000001;0;2669,99999999996;2610,00000000001
160;GC;PdReLong;F1Tf2;2;Long;23/02/2015 14:35:00;1920,3;23/02/2015 22:35:00;1920,3;0;0;779,999999999973;1840,00000000001
161;GC;PdReLong;F1Tf2;3;Long;03/03/2015 3:05:00;1923,4;03/03/2015 22:35:00;1922,5;-270,000000000027;0;2880,00000000004;3059,99999999995
162;GC;PdReLong;F1Tf2;3;Long;05/03/2015 20:05:00;1917;05/03/2015 22:35:00;1916,7;-89,9999999999864;0;210,000000000014;750
163;GC;PdReLong;F1Tf2;3;Long;06/03/2015 12:05:00;1915,1;06/03/2015 15:20:00;1898,4;-5009,99999999995;0;5009,99999999995;540,000000000055
164;GC;PdReLong;F1Tf2;3;Long;10/03/2015 13:20:00;1885,5;10/03/2015 21:35:00;1880,6;-1470,00000000003;0;2550;989,999999999986
165;GC;PdReLong;F1Tf2;3;Long;16/03/2015 16:20:00;1870,2;16/03/2015 21:35:00;1872,7;750;0;180,000000000041;1019,99999999996
166;GC;PdReLong;F1Tf2;3;Long;17/03/2015 15:05:00;1876,6;17/03/2015 21:35:00;1867,7;-2669,99999999996;0;3479,99999999997;120,000000000027
167;GC;PdReLong;F1Tf2;3;Long;31/03/2015 12:20:00;1900,9;31/03/2015 22:35:00;1902,4;450;0;210,000000000014;2639,99999999999
168;GC;PdReLong;F1Tf2;4;Long;20/07/2015 0:50:00;1848,1;20/07/2015 3:30:00;1835,6;-5000;0;5000;760,000000000036
169;GC;PdReLong;F1Tf2;4;Long;22/07/2015 4:20:00;1814,6;22/07/2015 22:35:00;1811;-1439,99999999996;0;4279,99999999993;120,000000000073
170;GC;PdReLong;F1Tf2;4;Long;24/07/2015 19:50:00;1805,8;24/07/2015 20:30:00;1818,6;5119,99999999998;0;319,999999999982;5119,99999999998
171;GC;PdReLong;F1Tf2;3;Long;29/07/2015 16:20:00;1809,8;29/07/2015 22:35:00;1814,6;1439,99999999999;0;210,000000000014;2820,00000000003
172;GC;PdReLong;F1Tf2;4;Long;30/07/2015 16:35:00;1810,4;30/07/2015 22:50:00;1805,3;-2040,00000000005;0;2280,00000000002;1039,99999999996
173;GC;PdReLong;F1Tf2;4;Long;31/07/2015 9:20:00;1799,4;31/07/2015 15:25:00;1812,2;5119,99999999998;0;1080,00000000002;5119,99999999998
174;GC;PdReLong;F1Tf2;3;Long;04/08/2015 8:05:00;1803,1;04/08/2015 22:35:00;1805;570,000000000027;0;450;2640,00000000005
175;GC;PdReLong;F1Tf2;4;Long;07/08/2015 15:20:00;1802,8;07/08/2015 16:35:00;1815,6;5119,99999999998;0;200;5119,99999999998
176;GC;PdReLong;F1Tf2;4;Long;14/08/2015 3:05:00;1830,7;14/08/2015 22:35:00;1831,9;480,000000000018;0;840,000000000055;2880,00000000002
177;GC;PdReLong;F1Tf2;4;Long;18/08/2015 16:50:00;1834,6;18/08/2015 22:35:00;1834,4;-79,9999999999272;0;1239,99999999996;240,000000000055
178;GC;PdReLong;F1Tf2;3;Long;26/08/2015 7:50:00;1853;26/08/2015 16:15:00;1836,3;-5010,00000000001;0;5010,00000000001;1110,00000000001
179;GC;PdReLong;F1Tf2;3;Long;20/10/2015 5:05:00;1886;20/10/2015 22:35:00;1894,4;2520,00000000003;0;150;3870,00000000003
180;GC;PdReLong;F1Tf2;3;Long;21/10/2015 20:20:00;1885,4;21/10/2015 22:35:00;1884,2;-360,000000000014;0;390,000000000055;29,9999999999727
181;GC;PdReLong;F1Tf2;3;Long;23/10/2015 16:20:00;1879,5;23/10/2015 22:35:00;1882;750;0;270,000000000027;1350
182;GC;PdReLong;F1Tf2;3;Long;29/10/2015 15:05:00;1870,8;29/10/2015 21:35:00;1862,1;-2610,00000000001;0;2729,99999999997;510,000000000014
183;GC;PdReLong;F1Tf2;3;Long;10/11/2015 16:35:00;1805,6;10/11/2015 22:35:00;1806,2;180,000000000041;0;569,999999999959;1290,00000000005
184;GC;PdReLong;F1Tf2;3;Long;11/11/2015 21:20:00;1801,5;11/11/2015 22:35:00;1802,3;239,999999999986;0;150;270,000000000027
185;GC;PdReLong;F1Tf2;3;Long;12/11/2015 15:50:00;1805,4;12/11/2015 22:35:00;1801,6;-1140,00000000005;0;3270,00000000003;269,999999999959
186;GC;PdReLong;F1Tf2;3;Long;17/11/2015 11:05:00;1798,1;17/11/2015 22:35:00;1785,9;-3659,99999999995;0;4859,99999999995;750
187;GC;PdReLong;F1Tf2;4;Long;03/12/2015 3:35:00;1767,2;03/12/2015 19:40:00;1780;5119,99999999998;0;880,000000000018;5119,99999999998
188;GC;PdReLong;F1Tf2;3;Long;10/02/2016 14:35:00;1904,3;10/02/2016 22:35:00;1913,8;2850;0;1889,99999999999;2970,00000000003
189;GC;PdReLong;F1Tf2;2;Long;15/02/2016 0:50:00;1949,9;15/02/2016 9:40:00;1924,9;-5000;0;5000;379,999999999973
190;GC;PdReLong;F1Tf2;2;Long;16/02/2016 10:20:00;1922,7;16/02/2016 22:35:00;1917,2;-1100;0;1540,00000000001;2259,99999999999
191;GC;PdReLong;F1Tf2;2;Long;26/02/2016 19:50:00;1938,5;26/02/2016 22:35:00;1939,6;219,999999999982;0;140,000000000009;959,999999999991
192;GC;PdReLong;F1Tf2;2;Long;02/03/2016 2:50:00;1945,2;02/03/2016 22:35:00;1957,2;2400;0;740,000000000009;3200
193;GC;PdReLong;F1Tf2;2;Long;10/03/2016 14:20:00;1963,8;10/03/2016 18:45:00;1989,3;5100;0;279,999999999973;5100
194;GC;PdReLong;F1Tf2;2;Long;14/03/2016 15:35:00;1965,9;14/03/2016 21:35:00;1952;-2780,00000000002;0;3920,00000000003;239,999999999964
195;GC;PdReLong;F1Tf2;2;Long;15/03/2016 2:35:00;1946,8;15/03/2016 21:35:00;1950,8;800;0;700;1659,99999999999
196;GC;PdReLong;F1Tf2;2;Long;18/03/2016 10:35:00;1971,9;18/03/2016 21:35:00;1972,2;59,9999999999909;0;1420,00000000003;759,999999999991
197;GC;PdReLong;F1Tf2;2;Long;21/03/2016 12:20:00;1965,5;21/03/2016 21:35:00;1960,7;-959,999999999991;0;1359,99999999999;19,9999999999818
198;GC;PdReLong;F1Tf2;3;Long;22/06/2016 8:35:00;1980,2;22/06/2016 22:35:00;1982,8;779,999999999973;0;420,000000000027;1529,99999999997
199;GC;PdReLong;F1Tf2;3;Long;23/06/2016 13:50:00;1977,8;23/06/2016 22:35:00;1972,8;-1500;0;2339,99999999999;1560,00000000001
200;GC;PdReLong;F1Tf2;3;Long;24/06/2016 0:35:00;1971,2;24/06/2016 3:00:00;1988,2;5100;0;839,999999999986;5100
201;GC;PdReLong;F1Tf2;2;Long;28/06/2016 5:35:00;2034,2;28/06/2016 22:35:00;2027,4;-1359,99999999999;0;2580,00000000002;340,000000000009
202;GC;PdReLong;F1Tf2;2;Long;07/07/2016 17:20:00;2070,9;07/07/2016 22:35:00;2074,1;639,999999999964;0;340,000000000055;1319,99999999998
203;GC;PdReLong;F1Tf2;2;Long;08/07/2016 15:20:00;2074,5;08/07/2016 22:35:00;2081,2;1339,99999999996;0;1880,00000000002;2080,00000000002
204;GC;PdReLong;F1Tf2;2;Long;13/07/2016 3:50:00;2044,2;13/07/2016 22:35:00;2057,8;2720,00000000003;0;59,9999999999909;3040,00000000001
205;GC;PdReLong;F1Tf2;2;Long;14/07/2016 11:50:00;2041,4;14/07/2016 22:35:00;2047,1;1139,99999999996;0;1580,00000000002;1239,99999999996
206;GC;PdReLong;F1Tf2;2;Long;11/10/2016 3:05:00;1962,1;11/10/2016 22:35:00;1958,4;-739,999999999964;0;839,999999999964;1100
207;GC;PdReLong;F1Tf2;3;Long;12/10/2016 14:50:00;1958,2;12/10/2016 22:35:00;1959,7;450;0;720,000000000027;1769,99999999996
208;GC;PdReLong;F1Tf2;3;Long;14/10/2016 13:35:00;1958,5;14/10/2016 22:35:00;1956,4;-629,999999999973;0;2400;1739,99999999999
209;GC;PdReLong;F1Tf2;3;Long;21/10/2016 12:50:00;1969,2;21/10/2016 22:35:00;1971;539,999999999986;0;330,000000000041;960,000000000014
210;GC;PdReLong;F1Tf2;3;Long;28/10/2016 15:05:00;1969,9;28/10/2016 19:55:00;1986,9;5100;0;30,0000000000409;5100
211;GC;PdReLong;F1Tf2;3;Long;03/11/2016 13:20:00;1993,7;03/11/2016 21:35:00;2008,2;4350;0;330,000000000041;4379,99999999997
212;GC;PdReLong;F1Tf2;3;Long;07/11/2016 2:20:00;1999,4;07/11/2016 18:10:00;1982,7;-5010,00000000001;0;5010,00000000001;29,9999999999727
213;GC;PdReLong;F1Tf2;3;Long;10/11/2016 16:35:00;1973,2;10/11/2016 21:35:00;1956,5;-5010,00000000001;0;5010,00000000001;989,999999999986
214;GC;PdReLong;F1Tf2;2;Long;29/11/2016 15:50:00;1889;29/11/2016 22:35:00;1890,8;359,999999999991;0;380,000000000018;780,000000000018
215;GC;PdReLong;F1Tf2;2;Long;01/12/2016 4:35:00;1873,1;01/12/2016 22:35:00;1874,7;320,000000000027;0;2039,99999999996;1200
216;GC;PdReLong;F1Tf2;2;Long;05/12/2016 12:50:00;1869,7;05/12/2016 22:35:00;1873;659,999999999991;0;2080,00000000002;1779,99999999997
217;GC;PdReLong;F1Tf2;2;Long;09/12/2016 7:35:00;1871,8;09/12/2016 22:35:00;1861,4;-2079,99999999997;0;2700;540,000000000009
218;GC;PdReLong;F1Tf2;2;Long;12/12/2016 2:35:00;1858,8;12/12/2016 22:35:00;1864,8;1200;0;1119,99999999998;1959,99999999999
219;GC;PdReLong;F1Tf2;2;Long;15/12/2016 2:20:00;1844;15/12/2016 22:35:00;1830,7;-2659,99999999999;0;3800;540,000000000009
220;GC;PdReLong;F1Tf2;2;Long;20/12/2016 12:05:00;1836,3;20/12/2016 22:35:00;1834,6;-340,000000000009;0;1659,99999999999;59,9999999999909
221;GC;PdReLong;F1Tf2;2;Long;22/12/2016 7:35:00;1832,6;22/12/2016 22:35:00;1831,1;-300;0;659,999999999991;720,000000000027
222;GC;PdReLong;F1Tf2;3;Long;03/01/2017 14:20:00;1852,1;03/01/2017 22:35:00;1860,1;2400;0;1259,99999999995;4380,00000000004
223;GC;PdReLong;F1Tf2;3;Long;11/01/2017 17:05:00;1881;11/01/2017 19:35:00;1898;5100;0;629,999999999973;5100
224;GC;PdReLong;F1Tf2;3;Long;13/01/2017 16:20:00;1893;13/01/2017 22:35:00;1898,5;1650;0;389,999999999986;2100
225;GC;PdReLong;F1Tf2;3;Long;18/01/2017 21:50:00;1904,1;18/01/2017 22:35:00;1904,5;120,000000000027;0;89,9999999999864;630,000000000041
226;GC;PdReLong;F1Tf2;3;Long;19/01/2017 4:50:00;1902,9;19/01/2017 22:35:00;1905,4;750;0;2040,00000000005;1259,99999999995
227;GC;PdReLong;F1Tf2;3;Long;25/01/2017 13:35:00;1907,1;25/01/2017 22:35:00;1900,9;-1859,99999999995;0;4139,99999999999;30,0000000000409
228;GC;PdReLong;F1Tf2;3;Long;26/01/2017 11:20:00;1893,9;26/01/2017 22:35:00;1888,7;-1560,00000000001;0;2790,00000000005;59,9999999999454
229;GC;PdReLong;F1Tf2;3;Long;27/01/2017 11:20:00;1884,7;27/01/2017 22:35:00;1891,1;1919,99999999996;0;1289,99999999999;2100
230;GC;PdReLong;F1Tf2;3;Long;10/02/2017 1:50:00;1923,9;10/02/2017 22:35:00;1932,4;2550;0;1140,00000000005;3750
231;GC;PdReLong;F1Tf2;3;Long;13/02/2017 17:05:00;1921,6;13/02/2017 22:35:00;1924,3;810,000000000014;0;239,999999999986;1380,00000000004
232;GC;PdReLong;F1Tf2;3;Long;15/02/2017 15:50:00;1922,8;15/02/2017 22:35:00;1931,4;2580,00000000004;0;60,0000000000136;2730,00000000004
233;GC;PdReLong;F1Tf2;3;Long;20/02/2017 6:05:00;1933,1;20/02/2017 14:10:00;1935,5;720,000000000027;0;569,999999999959;870,000000000027
234;GC;PdReLong;F1Tf2;3;Long;21/02/2017 16:05:00;1931,6;21/02/2017 22:35:00;1934,5;870,000000000027;0;269,999999999959;1740,00000000005
235;GC;PdReLong;F1Tf2;3;Long;28/02/2017 11:05:00;1949;28/02/2017 22:35:00;1946,5;-750;0;989,999999999986;2339,99999999999
236;GC;PdReLong;F1Tf2;3;Long;01/03/2017 19:20:00;1945,8;01/03/2017 22:35:00;1947,2;420,000000000027;0;510,000000000014;930,000000000041
237;GC;PdReLong;F1Tf2;3;Long;02/03/2017 15:50:00;1936,5;02/03/2017 22:35:00;1932,5;-1200;0;2370,00000000003;1170,00000000003
238;GC;PdReLong;F1Tf2;3;Long;14/03/2017 1:35:00;1899,7;14/03/2017 21:35:00;1895,3;-1320,00000000003;0;1589,99999999999;1589,99999999999
239;GC;PdReLong;F1Tf2;3;Long;18/04/2017 16:20:00;1978,2;18/04/2017 22:35:00;1985,5;2189,99999999999;0;89,9999999999864;3119,99999999996
240;GC;PdReLong;F1Tf2;3;Long;19/04/2017 16:50:00;1976,2;19/04/2017 22:35:00;1975,7;-150;0;870,000000000027;839,999999999986
241;GC;PdReLong;F1Tf2;3;Long;25/04/2017 19:35:00;1961,2;25/04/2017 22:35:00;1958,8;-720,000000000027;0;989,999999999986;29,9999999999727
242;GC;PdReLong;F1Tf2;3;Long;26/04/2017 20:05:00;1960,6;26/04/2017 22:35:00;1965,1;1350;0;119,999999999959;1920,00000000003
243;GC;PdReLong;F1Tf2;3;Long;09/05/2017 15:05:00;1915,5;09/05/2017 22:35:00;1915,7;60,0000000000136;0;2100;1470,00000000003
244;GC;PdReLong;F1Tf2;3;Long;24/05/2017 10:20:00;1946;24/05/2017 22:35:00;1952,4;1920,00000000003;0;660,000000000014;2100
245;GC;PdReLong;F1Tf2;3;Long;30/05/2017 10:35:00;1959;30/05/2017 22:35:00;1956;-900;0;1920,00000000003;89,9999999999864
246;GC;PdReLong;F1Tf2;3;Long;02/06/2017 6:20:00;1954,2;02/06/2017 17:20:00;1971,2;5100;0;539,999999999986;5100
247;GC;PdReLong;F1Tf2;3;Long;08/06/2017 14:05:00;1975,9;08/06/2017 22:35:00;1972;-1170,00000000003;0;3630,00000000004;300
248;GC;PdReLong;F1Tf2;3;Long;12/06/2017 15:20:00;1957,3;12/06/2017 22:35:00;1958,1;239,999999999986;0;210,000000000014;1110,00000000001
249;GC;PdReLong;F1Tf2;3;Long;13/06/2017 3:35:00;1956,3;13/06/2017 22:35:00;1958,7;720,000000000027;0;1650;1500
250;GC;PdReLong;F1Tf2;3;Long;19/06/2017 8:35:00;1943,6;19/06/2017 22:35:00;1935;-2579,99999999997;0;2579,99999999997;450
251;GC;PdReLong;F1Tf2;3;Long;07/07/2017 2:05:00;1912,5;07/07/2017 22:35:00;1902,1;-3120,00000000003;0;4679,99999999997;1770,00000000003
252;GC;PdReLong;F1Tf2;3;Long;10/07/2017 9:50:00;1896,9;10/07/2017 22:35:00;1903,8;2069,99999999996;0;180,000000000041;2519,99999999996
253;GC;PdReLong;F1Tf2;3;Long;14/07/2017 2:35:00;1906,2;14/07/2017 22:35:00;1918,3;3629,99999999997;0;570,000000000027;5039,99999999999
254;GC;PdReLong;F1Tf2;3;Long;31/08/2017 9:20:00;1995,1;31/08/2017 21:40:00;2012,1;5100;0;359,999999999945;5100
255;GC;PdReLong;F1Tf2;3;Long;05/09/2017 12:05:00;2020,6;05/09/2017 22:35:00;2027,6;2100;0;1739,99999999999;3840,00000000005
256;GC;PdReLong;F1Tf2;3;Long;12/09/2017 8:35:00;2015,1;12/09/2017 22:35:00;2019,3;1260,00000000001;0;1409,99999999995;1440,00000000005
257;GC;PdReLong;F1Tf2;3;Long;13/09/2017 18:05:00;2010,5;13/09/2017 22:35:00;2009,9;-179,999999999973;0;510,000000000014;689,999999999986
258;GC;PdReLong;F1Tf2;3;Long;14/09/2017 4:20:00;2008,3;14/09/2017 22:35:00;2015,9;2280,00000000004;0;1529,99999999997;2970,00000000003
259;GC;PdReLong;F1Tf2;3;Long;21/09/2017 2:35:00;1985,4;21/09/2017 22:35:00;1978;-2220,00000000003;0;3150;750
260;GC;PdReLong;F1Tf2;4;Long;04/01/2018 5:35:00;1989,1;04/01/2018 19:30:00;2001,8;5080,00000000002;0;239,999999999964;5080,00000000002
261;GC;PdReLong;F1Tf2;4;Long;09/01/2018 10:20:00;1995,6;09/01/2018 22:35:00;1993,8;-719,999999999982;0;2559,99999999995;360,000000000036
262;GC;PdReLong;F1Tf2;3;Long;16/01/2018 13:20:00;2016,4;16/01/2018 22:35:00;2018,5;629,999999999973;0;1350;1139,99999999999
263;GC;PdReLong;F1Tf2;4;Long;18/01/2018 3:35:00;2006,7;18/01/2018 22:35:00;2007;119,999999999982;0;719,999999999982;2519,99999999998
264;GC;PdReLong;F1Tf2;3;Long;30/01/2018 5:20:00;2016,5;30/01/2018 22:35:00;2016,5;0;0;1079,99999999997;3420,00000000003
265;GC;PdReLong;F1Tf2;3;Long;06/02/2018 17:35:00;2008,6;06/02/2018 22:35:00;2001;-2279,99999999997;0;3119,99999999996;990,000000000055
266;GC;PdReLong;F1Tf2;3;Long;08/02/2018 6:35:00;1989;08/02/2018 22:35:00;1995,8;2039,99999999999;0;1379,99999999997;3270,00000000003
267;GC;PdReLong;F1Tf2;2;Long;16/02/2018 21:35:00;2026,5;16/02/2018 22:35:00;2026,1;-80,0000000000182;0;119,999999999982;159,999999999991
268;GC;PdReLong;F1Tf2;3;Long;20/02/2018 1:20:00;2023,8;20/02/2018 18:55:00;2007,1;-5010,00000000001;0;5010,00000000001;120,000000000027
269;GC;PdReLong;F1Tf2;3;Long;21/05/2018 15:05:00;1957,1;21/05/2018 22:35:00;1963,2;1830,00000000004;0;29,9999999999727;1830,00000000004
270;GC;PdReLong;F1Tf2;3;Long;29/05/2018 15:35:00;1966,6;29/05/2018 22:35:00;1970,2;1080,00000000004;0;569,999999999959;2550
271;GC;PdReLong;F1Tf2;4;Long;26/06/2018 5:35:00;1931,5;26/06/2018 22:35:00;1926,1;-2160,00000000004;0;3719,99999999998;200
272;GC;PdReLong;F1Tf2;4;Long;27/06/2018 5:20:00;1922,8;27/06/2018 22:35:00;1920,1;-1080,00000000002;0;1919,99999999998;1960,00000000004
273;GC;PdReLong;F1Tf2;4;Long;28/06/2018 12:05:00;1919,2;28/06/2018 22:35:00;1915,3;-1560,00000000004;0;2480,00000000002;959,999999999945
274;GC;PdReLong;F1Tf2;4;Long;03/07/2018 4:35:00;1907,2;03/07/2018 14:10:00;1915,2;3200;0;1040,00000000005;3200
275;GC;PdReLong;F1Tf2;4;Long;05/07/2018 13:20:00;1919,5;05/07/2018 22:35:00;1923,8;1719,99999999998;0;39,9999999999636;2919,99999999998
276;GC;PdReLong;F1Tf2;4;Long;10/07/2018 17:50:00;1922,4;10/07/2018 22:35:00;1921,9;-200;0;800;159,999999999945
277;GC;PdReLong;F1Tf2;4;Long;12/07/2018 3:20:00;1908,5;12/07/2018 22:35:00;1912,8;1719,99999999998;0;239,999999999964;2439,99999999996
278;GC;PdReLong;F1Tf2;4;Long;13/07/2018 11:50:00;1907,4;13/07/2018 22:35:00;1907,2;-80,0000000000182;0;2160,00000000004;959,999999999945
279;GC;PdReLong;F1Tf2;4;Long;18/07/2018 17:20:00;1892,1;18/07/2018 22:35:00;1893,4;520,000000000073;0;439,999999999964;840,000000000055
280;GC;PdReLong;F1Tf2;4;Long;19/07/2018 19:20:00;1888,6;19/07/2018 22:35:00;1889,2;240,000000000055;0;559,999999999945;2720,00000000007
281;GC;PdReLong;F1Tf2;4;Long;24/07/2018 4:05:00;1889,3;24/07/2018 22:35:00;1890,7;560,000000000036;0;2159,99999999995;2480,00000000002
282;GC;PdReLong;F1Tf2;4;Long;26/07/2018 21:20:00;1889,1;26/07/2018 22:35:00;1888,3;-319,999999999982;0;639,999999999964;40,0000000000546
283;GC;PdReLong;F1Tf2;4;Long;27/07/2018 15:05:00;1888,2;27/07/2018 22:35:00;1888,2;0;0;360,000000000036;1680,00000000002
284;GC;PdReLong;F1Tf2;4;Long;31/07/2018 10:35:00;1883,8;31/07/2018 22:35:00;1889,3;2200;0;2119,99999999998;3960,00000000004
285;GC;PdReLong;F1Tf2;4;Long;02/08/2018 12:20:00;1880,4;02/08/2018 22:35:00;1872,4;-3200;0;3240,00000000005;959,999999999945
286;GC;PdReLong;F1Tf2;4;Long;03/08/2018 4:05:00;1871,3;03/08/2018 16:50:00;1884,1;5119,99999999998;0;1159,99999999995;5119,99999999998
287;GC;PdReLong;F1Tf2;4;Long;08/08/2018 15:05:00;1871,9;08/08/2018 22:35:00;1877,6;2279,99999999993;0;0;2400
288;GC;PdReLong;F1Tf2;4;Long;10/08/2018 14:05:00;1876,9;10/08/2018 22:35:00;1875,2;-680,000000000018;0;1160,00000000004;1559,99999999995
289;GC;PdReLong;F1Tf2;4;Long;16/08/2018 6:50:00;1836,6;16/08/2018 22:35:00;1836,8;80,0000000000182;0;200;3320,00000000007
290;GC;PdReLong;F1Tf2;3;Long;03/09/2018 3:50:00;1860,6;03/09/2018 14:10:00;1860,8;60,0000000000136;0;239,999999999986;1500
291;GC;PdReLong;F1Tf2;4;Long;07/09/2018 15:20:00;1856,6;07/09/2018 22:35:00;1857,8;480,000000000018;0;759,999999999945;2000
292;GC;PdReLong;F1Tf2;4;Long;10/09/2018 9:50:00;1855,9;10/09/2018 22:35:00;1856,7;319,999999999982;0;1520,00000000007;1519,99999999998
293;GC;PdReLong;F1Tf2;4;Long;11/09/2018 16:20:00;1852,8;11/09/2018 22:35:00;1858,5;2280,00000000002;0;600;2440,00000000005
294;GC;PdReLong;F1Tf2;3;Long;29/10/2018 13:35:00;1888,5;29/10/2018 21:35:00;1887;-450;0;1950;420,000000000027
295;GC;PdReLong;F1Tf2;3;Long;30/10/2018 14:20:00;1883;30/10/2018 21:35:00;1881,3;-510,000000000014;0;929,999999999973;510,000000000014
296;GC;PdReLong;F1Tf2;4;Long;04/01/2019 18:05:00;1937,4;04/01/2019 22:35:00;1937;-160,000000000036;0;1040,00000000005;200
297;GC;PdReLong;F1Tf2;4;Long;08/01/2019 12:05:00;1934,7;08/01/2019 22:35:00;1936,3;639,999999999964;0;1719,99999999998;1559,99999999995
298;GC;PdReLong;F1Tf2;4;Long;15/01/2019 19:05:00;1938,1;15/01/2019 22:35:00;1939,3;480,000000000018;0;359,999999999945;1160,00000000004
299;GC;PdReLong;F1Tf2;4;Long;01/02/2019 9:05:00;1967,6;01/02/2019 22:35:00;1967,3;-119,999999999982;0;919,999999999982;2120,00000000007
300;GC;PdReLong;F1Tf2;4;Long;07/02/2019 10:50:00;1955;07/02/2019 22:35:00;1958,5;1400;0;400;2200
301;GC;PdReLong;F1Tf2;4;Long;11/02/2019 16:35:00;1956,4;11/02/2019 22:35:00;1956,2;-80,0000000000182;0;480,000000000018;879,999999999927
302;GC;PdReLong;F1Tf2;3;Long;11/06/2019 17:05:00;1962,9;11/06/2019 22:35:00;1963,8;269,999999999959;0;210,000000000014;869,999999999959
303;GC;PdReLong;F1Tf2;3;Long;17/06/2019 14:50:00;1976,3;17/06/2019 22:35:00;1976,3;0;0;810,000000000014;1110,00000000001
304;GC;PdReLong;F1Tf2;2;Long;26/06/2019 4:35:00;2049;26/06/2019 22:35:00;2045,9;-619,999999999982;0;2200;580,000000000018
305;GC;PdReLong;F1Tf2;2;Long;27/06/2019 15:20:00;2040,8;27/06/2019 22:35:00;2044,4;720,000000000027;0;600;959,999999999991
306;GC;PdReLong;F1Tf2;2;Long;04/07/2019 10:20:00;2048,7;04/07/2019 14:10:00;2050;260,000000000036;0;279,999999999973;620,000000000073
307;GC;PdReLong;F1Tf2;2;Long;09/07/2019 14:20:00;2028,3;09/07/2019 22:35:00;2032,1;759,999999999991;0;619,999999999982;1420,00000000003
308;GC;PdReLong;F1Tf2;2;Long;16/07/2019 18:50:00;2042,7;16/07/2019 22:35:00;2038,4;-859,999999999991;0;1520,00000000003;1019,99999999998
309;GC;PdReLong;F1Tf2;2;Long;23/07/2019 13:50:00;2057,1;23/07/2019 22:35:00;2049,7;-1480,00000000002;0;1519,99999999998;1460,00000000004
310;GC;PdReLong;F1Tf2;2;Long;25/07/2019 20:20:00;2050,4;25/07/2019 22:35:00;2047,3;-620,000000000027;0;780,000000000018;39,9999999999636
311;GC;PdReLong;F1Tf2;2;Long;01/08/2019 5:20:00;2042,2;01/08/2019 19:55:00;2067,7;5099,99999999995;0;2080,00000000002;5099,99999999995
312;GC;PdReLong;F1Tf2;2;Long;12/08/2019 10:35:00;2128,3;12/08/2019 22:35:00;2143,3;3000;0;500;4579,99999999993
313;GC;PdReLong;F1Tf2;2;Long;13/08/2019 16:20:00;2126,3;13/08/2019 22:35:00;2130;739,999999999964;0;1200;2239,99999999996
314;GC;PdReLong;F1Tf2;1;Long;16/08/2019 11:35:00;2139;16/08/2019 22:35:00;2142,9;390,000000000009;0;540,000000000009;900
315;GC;PdReLong;F1Tf2;2;Long;22/08/2019 14:50:00;2126,3;22/08/2019 22:35:00;2128;339,999999999964;0;340,000000000055;1559,99999999995
316;GC;PdReLong;F1Tf2;2;Long;30/08/2019 20:35:00;2149,6;30/08/2019 22:35:00;2152,1;500;0;39,9999999999636;960,000000000036
317;GC;PdReLong;F1Tf2;2;Long;06/09/2019 12:20:00;2134,9;06/09/2019 22:35:00;2134,5;-80,0000000000182;0;900;4200
318;GC;PdReLong;F1Tf2;2;Long;09/09/2019 17:50:00;2130,5;09/09/2019 22:35:00;2127,1;-680,000000000018;0;860,000000000036;800
319;GC;PdReLong;F1Tf2;2;Long;10/09/2019 15:50:00;2126,9;10/09/2019 22:35:00;2114,1;-2560,00000000004;0;2800;159,999999999945
320;GC;PdReLong;F1Tf2;3;Long;07/01/2020 6:35:00;2175,6;07/01/2020 22:35:00;2187,5;3570,00000000003;0;29,9999999999727;3570,00000000003
321;GC;PdReLong;F1Tf2;3;Long;08/01/2020 18:05:00;2172,7;08/01/2020 22:35:00;2169,6;-929,999999999973;0;2009,99999999995;1110,00000000008
322;GC;PdReLong;F1Tf2;3;Long;09/01/2020 14:05:00;2168,3;09/01/2020 22:35:00;2164,7;-1080,00000000011;0;2970,00000000003;150
323;GC;PdReLong;F1Tf2;2;Long;14/01/2020 19:50:00;2160;14/01/2020 22:35:00;2159,3;-139,999999999964;0;500;200
324;GC;PdReLong;F1Tf2;2;Long;21/01/2020 10:35:00;2169,3;21/01/2020 22:35:00;2171,2;379,999999999927;0;2140,00000000005;639,999999999964
325;GC;PdReLong;F1Tf2;3;Long;28/01/2020 15:20:00;2188,5;28/01/2020 22:35:00;2179,6;-2670,00000000003;0;2940,00000000005;390,000000000055
326;GC;PdReLong;F1Tf2;3;Long;29/01/2020 3:05:00;2177,4;29/01/2020 22:35:00;2188,5;3329,99999999997;0;779,999999999973;3689,99999999992
327;GC;PdReLong;F1Tf2;3;Long;31/01/2020 2:50:00;2184,2;31/01/2020 22:35:00;2199,9;4710,00000000008;0;750;5040,00000000005
328;GC;PdReLong;F1Tf2;2;Long;04/02/2020 11:35:00;2180,5;04/02/2020 22:35:00;2164,4;-3219,99999999998;0;4200;380,000000000018
329;GC;PdReLong;F1Tf2;2;Long;05/02/2020 11:20:00;2160,8;05/02/2020 22:35:00;2167,5;1339,99999999996;0;420,000000000073;1859,99999999995
330;GC;PdReLong;F1Tf2;2;Long;11/02/2020 4:35:00;2178,6;11/02/2020 22:35:00;2178,2;-80,0000000000182;0;1339,99999999996;1119,99999999998
331;GC;PdReLong;F1Tf2;2;Long;25/02/2020 2:50:00;2260,6;25/02/2020 22:00:00;2235,6;-5000;0;5000;1419,99999999998
332;GC;PdReLong;F1Tf2;2;Long;28/02/2020 9:20:00;2245,3;28/02/2020 16:05:00;2220,3;-5000;0;5000;839,999999999964
333;GC;PdReLong;F1Tf2;1;Long;10/03/2020 6:50:00;2265;10/03/2020 21:35:00;2256,6;-840,000000000009;0;1719,99999999998;969,999999999982
334;GC;PdReLong;F1Tf2;1;Long;11/03/2020 20:35:00;2248,4;11/03/2020 21:35:00;2244,3;-409,999999999991;0;659,999999999991;319,999999999982
335;GC;PdReLong;F1Tf2;1;Long;16/03/2020 16:35:00;2123,8;16/03/2020 21:35:00;2110,8;-1300;0;3350;219,999999999982
336;GC;PdReLong;F1Tf2;1;Long;19/03/2020 4:50:00;2080,8;19/03/2020 21:35:00;2082,6;179,999999999973;0;880,000000000018;2359,99999999999
337;GC;PdReLong;F1Tf2;1;Long;01/04/2020 1:20:00;2195,3;01/04/2020 22:35:00;2203,7;839,999999999964;0;1070,00000000003;2059,99999999999
338;GC;PdReLong;F1Tf2;1;Long;15/04/2020 13:05:00;2352,2;15/04/2020 22:35:00;2348;-419,999999999982;0;1279,99999999997;720,000000000027
339;GC;PdReLong;F1Tf2;1;Long;16/04/2020 20:20:00;2339,3;16/04/2020 22:35:00;2338,4;-90,0000000000091;0;680,000000000018;209,999999999991
340;GC;PdReLong;F1Tf2;1;Long;17/04/2020 0:50:00;2329,1;17/04/2020 22:35:00;2297,6;-3150;0;3440,00000000001;1090,00000000001
341;GC;PdReLong;F1Tf2;1;Long;20/04/2020 3:35:00;2296,3;20/04/2020 22:35:00;2316,1;1979,99999999997;0;760,000000000036;2559,99999999999
342;GC;PdReLong;F1Tf2;1;Long;21/04/2020 15:50:00;2290,6;21/04/2020 22:35:00;2300,3;970,000000000027;0;359,999999999991;2059,99999999999
343;GC;PdReLong;F1Tf2;1;Long;24/04/2020 18:35:00;2335,6;24/04/2020 22:35:00;2345,8;1020,00000000003;0;90,0000000000091;1150
344;GC;PdReLong;F1Tf2;1;Long;27/04/2020 16:50:00;2330;27/04/2020 22:35:00;2329,1;-90,0000000000091;0;569,999999999982;269,999999999982
345;GC;PdReLong;F1Tf2;1;Long;28/04/2020 2:05:00;2324;28/04/2020 22:35:00;2325,8;180,000000000018;0;1640,00000000001;1140,00000000001
346;GC;PdReLong;F1Tf2;1;Long;30/07/2020 17:35:00;2517,6;30/07/2020 22:35:00;2530,8;1320,00000000003;0;0;1590,00000000001
347;GC;PdReLong;F1Tf2;1;Long;11/08/2020 3:05:00;2588,6;11/08/2020 14:35:00;2538,6;-5000;0;5000;450
348;GC;PdReLong;F1Tf2;1;Long;12/08/2020 8:50:00;2474,1;12/08/2020 22:35:00;2494,5;2040,00000000001;0;59,9999999999909;4770,00000000003
349;GC;PdReLong;F1Tf2;1;Long;21/08/2020 14:35:00;2491,6;21/08/2020 22:35:00;2506,9;1530,00000000002;0;350;2400
350;GC;PdReLong;F1Tf2;1;Long;25/08/2020 12:20:00;2492,1;25/08/2020 22:35:00;2495,5;340,000000000009;0;1219,99999999998;740,000000000009
351;GC;PdReLong;F1Tf2;1;Long;26/08/2020 15:20:00;2483,3;26/08/2020 22:35:00;2522,8;3950;0;170,000000000027;4029,99999999997
352;GC;PdReLong;F1Tf2;1;Long;30/11/2020 7:50:00;2332,5;30/11/2020 22:35:00;2334,4;190,000000000009;0;1019,99999999998;1019,99999999998
353;GC;PdReLong;F1Tf2;1;Long;07/12/2020 10:35:00;2388,9;07/12/2020 22:35:00;2424;3509,99999999999;0;280,000000000018;3909,99999999999
354;GC;PdReLong;F1Tf2;1;Long;09/12/2020 6:05:00;2419,3;09/12/2020 22:35:00;2397,6;-2170,00000000003;0;3610,00000000004;609,999999999991
355;GC;PdReLong;F1Tf2;1;Long;19/02/2021 2:05:00;2319,8;19/02/2021 22:35:00;2332,1;1229,99999999997;0;980,000000000018;2209,99999999999
356;GC;PdReLong;F1Tf2;1;Long;24/02/2021 17:35:00;2346,7;24/02/2021 22:35:00;2352,6;590,000000000009;0;109,999999999991;870,000000000027
357;GC;PdReLong;F1Tf2;1;Long;25/02/2021 15:50:00;2336,3;25/02/2021 22:35:00;2322,7;-1360,00000000004;0;2140,00000000001;150
358;GC;PdReLong;F1Tf2;1;Long;26/02/2021 9:50:00;2317,2;26/02/2021 18:00:00;2267,2;-5000;0;5000;230,000000000018
359;GC;PdReLong;F1Tf2;1;Long;02/03/2021 7:50:00;2269,6;02/03/2021 22:35:00;2285,2;1559,99999999999;0;500;1859,99999999999
360;GC;PdReLong;F1Tf2;1;Long;03/03/2021 17:05:00;2265,1;03/03/2021 22:35:00;2264,1;-100;0;379,999999999973;970,000000000027
361;GC;PdReLong;F1Tf2;1;Long;04/03/2021 19:35:00;2251,6;04/03/2021 22:35:00;2248;-359,999999999991;0;1300;80,0000000000182
362;GC;PdReLong;F1Tf2;1;Long;05/03/2021 2:35:00;2238,6;05/03/2021 22:35:00;2248,4;980,000000000018;0;379,999999999973;1809,99999999999
363;GC;PdReLong;F1Tf2;1;Long;08/03/2021 13:20:00;2235,5;08/03/2021 22:35:00;2228,7;-680,000000000018;0;1119,99999999998;950
364;GC;PdReLong;F1Tf2;1;Long;12/03/2021 5:20:00;2268,1;12/03/2021 22:35:00;2273,8;570,000000000027;0;2050;690,000000000009
365;GC;PdReLong;F1Tf2;1;Long;18/03/2021 14:50:00;2273,7;18/03/2021 21:35:00;2285;1130,00000000002;0;509,999999999991;1280,00000000002
366;GC;PdReLong;F1Tf2;1;Long;23/03/2021 15:35:00;2277,9;23/03/2021 21:35:00;2277,4;-50;0;420,000000000027;319,999999999982
367;GC;PdReLong;F1Tf2;1;Long;26/03/2021 12:50:00;2273,6;26/03/2021 21:35:00;2282,3;870,000000000027;0;79,9999999999727;1290,00000000001
368;GC;PdReLong;F1Tf2;1;Long;30/03/2021 8:20:00;2256,8;30/03/2021 22:35:00;2232;-2480,00000000002;0;3010,00000000004;50
369;GC;PdReLong;F1Tf2;1;Long;31/03/2021 5:20:00;2228,3;31/03/2021 22:35:00;2256,8;2850;0;140,000000000009;3639,99999999996
370;GC;PdReLong;F1Tf2;2;Long;11/05/2021 16:20:00;2380,9;11/05/2021 22:35:00;2386,8;1180,00000000002;0;1080,00000000002;1339,99999999996
371;GC;PdReLong;F1Tf2;2;Long;13/05/2021 12:50:00;2361,5;13/05/2021 22:35:00;2374,7;2639,99999999996;0;160,000000000036;3200
372;GC;PdReLong;F1Tf2;1;Long;19/05/2021 14:35:00;2413,6;19/05/2021 22:35:00;2419,4;580,000000000018;0;319,999999999982;2609,99999999999
373;GC;PdReLong;F1Tf2;2;Long;25/05/2021 4:35:00;2424,4;25/05/2021 22:35:00;2449,4;5000;0;460,000000000036;5039,99999999996
374;GC;PdReLong;F1Tf2;2;Long;27/05/2021 17:20:00;2440;27/05/2021 22:35:00;2446;1200;0;200;1560,00000000004
375;GC;PdReLong;F1Tf2;2;Long;28/05/2021 14:50:00;2439,9;28/05/2021 22:35:00;2452,3;2480,00000000002;0;240,000000000055;2959,99999999995
376;GC;PdReLong;F1Tf2;2;Long;03/06/2021 12:20:00;2444,2;03/06/2021 15:40:00;2419,2;-5000;0;5000;440,000000000055
377;GC;PdReLong;F1Tf2;2;Long;04/06/2021 5:05:00;2414,6;04/06/2021 16:00:00;2440,1;5100;0;180,000000000018;5100
378;GC;PdReLong;F1Tf2;2;Long;10/06/2021 3:20:00;2436;10/06/2021 22:35:00;2447,3;2260,00000000004;0;3660,00000000004;2519,99999999998
379;GC;PdReLong;F1Tf2;1;Long;28/06/2021 4:35:00;2320;28/06/2021 22:35:00;2325,6;559,999999999991;0;100;1200
380;GC;PdReLong;F1Tf2;1;Long;29/06/2021 11:35:00;2317,3;29/06/2021 22:35:00;2307,8;-950;0;2130,00000000002;479,999999999973
381;GC;PdReLong;F1Tf2;2;Long;12/07/2021 16:20:00;2342,8;12/07/2021 22:35:00;2352,4;1919,99999999998;0;60,0000000000364;2259,99999999995
382;GC;PdReLong;F1Tf2;2;Long;24/02/2022 21:35:00;2432,6;24/02/2022 22:35:00;2441,3;1740,00000000005;0;759,999999999945;2380,00000000002
383;GC;PdReLong;F1Tf2;1;Long;10/03/2022 3:50:00;2519;10/03/2022 22:35:00;2537,6;1859,99999999999;0;380,000000000018;3290,00000000001
384;GC;PdReLong;F1Tf2;1;Long;11/03/2022 14:05:00;2515;11/03/2022 22:35:00;2526,8;1180,00000000002;0;1759,99999999999;1609,99999999999
385;GC;PdReLong;F1Tf2;1;Long;14/03/2022 15:35:00;2499,1;14/03/2022 21:35:00;2493,1;-600;0;929,999999999973;230,000000000018
386;GC;PdReLong;F1Tf2;1;Long;16/03/2022 19:50:00;2446,5;16/03/2022 21:35:00;2462,1;1559,99999999999;0;0;2040,00000000001
387;GC;PdReLong;F1Tf2;1;Long;22/03/2022 17:05:00;2454,5;22/03/2022 21:35:00;2457,2;269,999999999982;0;30,0000000000182;709,999999999991
388;GC;PdReLong;F1Tf2;1;Long;28/03/2022 7:05:00;2479,5;28/03/2022 22:35:00;2458,7;-2080,00000000002;0;2700;340,000000000009
389;GC;PdReLong;F1Tf2;1;Long;29/03/2022 18:50:00;2453,7;29/03/2022 22:35:00;2455,7;200;0;469,999999999982;460,000000000036
390;GC;PdReLong;F1Tf2;1;Long;16/05/2022 10:50:00;2329,3;16/05/2022 22:35:00;2353,5;2419,99999999998;0;160,000000000036;2859,99999999999
391;GC;PdReLong;F1Tf2;1;Long;18/05/2022 8:20:00;2343,1;18/05/2022 22:35:00;2346,6;350;0;619,999999999982;1170,00000000003
392;GC;PdReLong;F1Tf2;1;Long;12/07/2022 3:35:00;2255,4;12/07/2022 22:35:00;2249,7;-570,000000000027;0;670,000000000027;1279,99999999997
393;GC;PdReLong;F1Tf2;1;Long;13/07/2022 8:50:00;2249,1;13/07/2022 22:35:00;2259,5;1040,00000000001;0;1859,99999999999;2120,00000000003
394;GC;PdReLong;F1Tf2;1;Long;14/07/2022 16:50:00;2232,1;14/07/2022 22:35:00;2234,7;259,999999999991;0;459,999999999991;700
395;GC;PdReLong;F1Tf2;1;Long;19/07/2022 4:20:00;2231,2;19/07/2022 22:35:00;2235,4;420,000000000027;0;89,9999999999636;1130,00000000002
396;GC;PdReLong;F1Tf2;1;Long;21/07/2022 3:50:00;2216,8;21/07/2022 22:35:00;2244,9;2809,99999999999;0;1240,00000000001;2839,99999999996
397;GC;PdReLong;F1Tf2;1;Long;27/07/2022 16:50:00;2237,9;27/07/2022 22:35:00;2258,9;2100;0;40,0000000000091;2819,99999999998
398;GC;PdReLong;F1Tf2;1;Long;03/08/2022 0:50:00;2284,5;03/08/2022 22:35:00;2289,6;509,999999999991;0;659,999999999991;1280,00000000002
399;GC;PdReLong;F1Tf2;1;Long;11/08/2022 4:05:00;2311,5;11/08/2022 22:35:00;2311,5;0;0;500;1130,00000000002
400;GC;PdReLong;F1Tf2;2;Long;16/08/2022 15:20:00;2297,4;16/08/2022 22:35:00;2298,3;180,000000000018;0;360,000000000036;839,999999999964
401;GC;PdReLong;F1Tf2;2;Long;17/08/2022 14:50:00;2293,7;17/08/2022 22:35:00;2286,1;-1519,99999999998;0;2379,99999999993;500
402;GC;PdReLong;F1Tf2;2;Long;18/08/2022 21:20:00;2282,4;18/08/2022 22:35:00;2280,7;-340,000000000055;0;419,999999999982;80,0000000000182
403;GC;PdReLong;F1Tf2;2;Long;06/09/2022 15:35:00;2227,4;06/09/2022 22:35:00;2219,6;-1560,00000000004;0;1780,00000000002;600
404;GC;PdReLong;F1Tf2;2;Long;07/09/2022 10:05:00;2221,9;07/09/2022 22:35:00;2236,8;2980,00000000002;0;1280,00000000002;3339,99999999996
405;GC;PdReLong;F1Tf2;2;Long;16/09/2022 9:20:00;2178,3;16/09/2022 22:35:00;2192,3;2800;0;1700;3900
406;GC;PdReLong;F1Tf2;2;Long;21/09/2022 20:35:00;2181,5;21/09/2022 22:35:00;2190,6;1819,99999999998;0;600;4660,00000000004
407;GC;PdReLong;F1Tf2;2;Long;23/09/2022 15:20:00;2171,9;23/09/2022 22:35:00;2159,8;-2419,99999999998;0;3480,00000000002;139,999999999964
408;GC;PdReLong;F1Tf2;1;Long;26/09/2022 3:20:00;2155,6;26/09/2022 22:35:00;2137,4;-1819,99999999998;0;1919,99999999998;950
409;GC;PdReLong;F1Tf2;1;Long;28/09/2022 10:05:00;2137,3;28/09/2022 22:35:00;2175,5;3819,99999999998;0;620,000000000027;4219,99999999998
410;GC;PdReLong;F1Tf2;1;Long;07/10/2022 12:50:00;2225,2;07/10/2022 22:35:00;2210,4;-1479,99999999997;0;1889,99999999996;390,000000000009
411;GC;PdReLong;F1Tf2;1;Long;11/10/2022 8:05:00;2180,9;11/10/2022 22:35:00;2181,1;19,9999999999818;0;550;1829,99999999997
412;GC;PdReLong;F1Tf2;1;Long;21/10/2022 7:50:00;2134,4;21/10/2022 22:35:00;2167,4;3300;0;540,000000000009;3550
413;GC;PdReLong;F1Tf2;1;Long;18/11/2022 16:35:00;2265,8;18/11/2022 22:35:00;2259,4;-640,000000000009;0;870,000000000027;279,999999999973
414;GC;PdReLong;F1Tf2;1;Long;23/11/2022 7:50:00;2246,2;23/11/2022 22:35:00;2258,3;1210,00000000004;0;1929,99999999997;1660,00000000004
415;GC;PdReLong;F1Tf2;1;Long;17/01/2023 5:50:00;2407,1;17/01/2023 22:35:00;2404,6;-250;0;769,999999999982;559,999999999991
416;GC;PdReLong;F1Tf2;1;Long;18/01/2023 8:20:00;2399,7;18/01/2023 22:35:00;2399,6;-9,99999999999091;0;300;2330,00000000002
417;GC;PdReLong;F1Tf2;1;Long;23/01/2023 9:35:00;2416,7;23/01/2023 22:35:00;2425,6;890,000000000009;0;1100;940,000000000009
418;GC;PdReLong;F1Tf2;1;Long;31/01/2023 15:20:00;2412,8;31/01/2023 22:35:00;2420,1;729,999999999973;0;250;1050
419;GC;PdReLong;F1Tf2;1;Long;02/02/2023 16:35:00;2415,8;02/02/2023 22:35:00;2402,5;-1330,00000000002;0;1380,00000000002;269,999999999982
420;GC;PdReLong;F1Tf2;1;Long;03/02/2023 12:05:00;2402,2;03/02/2023 18:25:00;2352,2;-5000;0;5000;510,000000000036
421;GC;PdReLong;F1Tf2;1;Long;10/02/2023 7:05:00;2347,1;10/02/2023 22:35:00;2351,4;430,000000000018;0;319,999999999982;1280,00000000002
422;GC;PdReLong;F1Tf2;1;Long;13/02/2023 18:20:00;2340,2;13/02/2023 22:35:00;2340,5;30,0000000000182;0;289,999999999964;260,000000000036
423;GC;PdReLong;F1Tf2;1;Long;14/02/2023 16:05:00;2343,3;14/02/2023 22:35:00;2341,9;-140,000000000009;0;1270,00000000003;979,999999999973
424;GC;PdReLong;F1Tf2;1;Long;15/02/2023 8:05:00;2329,8;15/02/2023 22:35:00;2323,9;-590,000000000009;0;1410,00000000004;139,999999999964
425;GC;PdReLong;F1Tf2;1;Long;16/02/2023 16:20:00;2317,2;16/02/2023 22:35:00;2322,3;510,000000000036;0;100;1400
426;GC;PdReLong;F1Tf2;1;Long;17/02/2023 14:20:00;2313,4;17/02/2023 22:35:00;2327,8;1440,00000000001;0;540,000000000009;1609,99999999999
427;GC;PdReLong;F1Tf2;1;Long;21/02/2023 6:50:00;2323,7;21/02/2023 22:35:00;2319,9;-379,999999999973;0;829,999999999973;620,000000000027
428;GC;PdReLong;F1Tf2;2;Long;23/02/2023 15:05:00;2309,5;23/02/2023 22:35:00;2306,3;-639,999999999964;0;1619,99999999998;939,999999999964
429;GC;PdReLong;F1Tf2;2;Long;24/02/2023 13:50:00;2301,4;24/02/2023 22:35:00;2294,4;-1400;0;1900;19,9999999999818
430;GC;PdReLong;F1Tf2;2;Long;27/02/2023 5:35:00;2292,1;27/02/2023 22:35:00;2300,4;1660,00000000004;0;359,999999999945;2319,99999999998
431;GC;PdReLong;F1Tf2;2;Long;07/03/2023 1:50:00;2327,7;07/03/2023 16:15:00;2302,7;-5000;0;5000;1120,00000000007
432;GC;PdReLong;F1Tf2;2;Long;08/03/2023 2:05:00;2293,7;08/03/2023 22:35:00;2294,6;180,000000000018;0;779,999999999927;2280,00000000002
433;GC;PdReLong;F1Tf2;1;Long;15/03/2023 10:50:00;2377,2;15/03/2023 21:35:00;2399,2;2200;0;469,999999999982;4170,00000000003
434;GC;PdReLong;F1Tf2;1;Long;21/03/2023 9:35:00;2447,8;21/03/2023 21:35:00;2420,2;-2760,00000000004;0;3280,00000000002;239,999999999964
435;GC;PdReLong;F1Tf2;1;Long;27/03/2023 1:20:00;2454,7;27/03/2023 22:35:00;2435,1;-1959,99999999999;0;3329,99999999997;260,000000000036
436;GC;PdReLong;F1Tf2;1;Long;30/03/2023 4:05:00;2435,5;30/03/2023 22:35:00;2458,6;2309,99999999999;0;150;2609,99999999999
437;GC;PdReLong;F1Tf2;1;Long;03/04/2023 12:20:00;2446,6;03/04/2023 22:35:00;2460,3;1370,00000000003;0;159,999999999991;2059,99999999999
438;GC;PdReLong;F1Tf2;1;Long;17/04/2023 9:20:00;2486;17/04/2023 22:35:00;2467,2;-1880,00000000002;0;3340,00000000001;100
439;GC;PdReLong;F1Tf2;1;Long;19/06/2023 10:05:00;2407,7;19/06/2023 14:10:00;2400,6;-709,999999999991;0;759,999999999991;430,000000000018
440;GC;PdReLong;F1Tf2;1;Long;20/06/2023 4:35:00;2401,9;20/06/2023 22:35:00;2388,7;-1320,00000000003;0;2070,00000000003;719,999999999982
441;GC;PdReLong;F1Tf2;2;Long;21/06/2023 16:35:00;2382,2;21/06/2023 22:35:00;2384,9;540,000000000055;0;300;1400
442;GC;PdReLong;F1Tf2;1;Long;22/06/2023 16:50:00;2370,8;22/06/2023 22:35:00;2364,3;-650;0;780,000000000018;9,99999999999091
443;GC;PdReLong;F1Tf2;2;Long;23/06/2023 6:20:00;2362,7;23/06/2023 15:50:00;2388,2;5100;0;139,999999999964;5100
444;GC;PdReLong;F1Tf2;2;Long;27/06/2023 13:50:00;2371,6;27/06/2023 22:35:00;2363,7;-1580,00000000002;0;2280,00000000002;1819,99999999998
445;GC;PdReLong;F1Tf2;2;Long;28/06/2023 11:20:00;2360,5;28/06/2023 22:35:00;2358,7;-360,000000000036;0;1739,99999999996;480,000000000018
446;GC;PdReLong;F1Tf2;2;Long;29/06/2023 16:20:00;2358,1;29/06/2023 22:35:00;2356,4;-339,999999999964;0;900;719,999999999982
447;GC;PdReLong;F1Tf2;2;Long;05/07/2023 17:05:00;2370,3;05/07/2023 22:35:00;2363,4;-1380,00000000002;0;1500;539,999999999964
448;GC;PdReLong;F1Tf2;2;Long;17/07/2023 16:20:00;2397,4;17/07/2023 22:35:00;2398,8;280,000000000018;0;500;639,999999999964
449;GC;PdReLong;F1Tf2;2;Long;20/07/2023 20:50:00;2414;20/07/2023 22:35:00;2412,2;-360,000000000036;0;500;139,999999999964
450;GC;PdReLong;F1Tf2;2;Long;14/08/2023 17:50:00;2344,1;14/08/2023 22:35:00;2340,8;-659,999999999945;0;759,999999999945;460,000000000036
451;GC;PdReLong;F1Tf2;2;Long;15/08/2023 13:35:00;2335,7;15/08/2023 22:35:00;2334,9;-159,999999999945;0;1419,99999999998;1940,00000000005
452;GC;PdReLong;F1Tf2;2;Long;16/08/2023 20:35:00;2329,8;16/08/2023 22:35:00;2324,8;-1000;0;1340,00000000005;139,999999999964
453;GC;PdReLong;F1Tf2;2;Long;17/08/2023 3:05:00;2323,6;17/08/2023 22:35:00;2319,4;-839,999999999964;0;1659,99999999995;2200
454;GC;PdReLong;F1Tf2;2;Long;21/08/2023 17:20:00;2318,2;21/08/2023 22:35:00;2324,7;1300;0;79,9999999999272;1440,00000000005
455;GC;PdReLong;F1Tf2;2;Long;25/08/2023 19:35:00;2341,2;25/08/2023 22:35:00;2342,5;260,000000000036;0;439,999999999964;540,000000000055
456;GC;PdReLong;F1Tf2;2;Long;01/09/2023 3:05:00;2366,9;01/09/2023 22:35:00;2367,3;80,0000000000182;0;1019,99999999998;2880,00000000002
457;GC;PdReLong;F1Tf2;2;Long;05/09/2023 5:05:00;2363,9;05/09/2023 22:35:00;2352,1;-2360,00000000004;0;2440,00000000005;380,000000000018
458;GC;PdReLong;F1Tf2;2;Long;03/10/2023 10:20:00;2244,6;03/10/2023 22:35:00;2241;-719,999999999982;0;1780,00000000002;1160,00000000004
459;GC;PdReLong;F1Tf2;2;Long;05/10/2023 15:35:00;2234,1;05/10/2023 22:35:00;2234,9;160,000000000036;0;1019,99999999998;540,000000000055
460;GC;PdReLong;F1Tf2;2;Long;06/10/2023 15:05:00;2229,5;06/10/2023 22:35:00;2245,1;3119,99999999998;0;260,000000000036;4119,99999999998
461;GC;PdReLong;F1Tf2;2;Long;23/10/2023 5:05:00;2384,9;23/10/2023 22:35:00;2385,8;180,000000000018;0;500;2100
462;GC;PdReLong;F1Tf2;2;Long;24/10/2023 13:35:00;2373;24/10/2023 22:35:00;2384,7;2339,99999999996;0;380,000000000018;3419,99999999998
463;GC;PdReLong;F1Tf2;1;Long;31/10/2023 17:35:00;2401;31/10/2023 21:35:00;2393,6;-740,000000000009;0;1250;140,000000000009
464;GC;PdReLong;F1Tf2;2;Long;01/11/2023 3:50:00;2388,9;01/11/2023 21:35:00;2387,6;-260,000000000036;0;1919,99999999998;3619,99999999998
465;GC;PdReLong;F1Tf2;2;Long;06/11/2023 18:05:00;2391,5;06/11/2023 22:35:00;2385,7;-1160,00000000004;0;1239,99999999996;219,999999999982
466;GC;PdReLong;F1Tf2;2;Long;07/11/2023 0:35:00;2385,6;07/11/2023 22:35:00;2376,3;-1859,99999999995;0;4339,99999999996;0
467;GC;PdReLong;F1Tf2;2;Long;09/11/2023 9:50:00;2355,4;09/11/2023 22:35:00;2364,6;1839,99999999996;0;900;3439,99999999996
468;GC;PdReLong;F1Tf2;1;Long;11/12/2023 9:35:00;2392,9;11/12/2023 22:35:00;2377,5;-1540,00000000001;0;2140,00000000001;90,0000000000091
469;GC;PdReLong;F1Tf2;1;Long;13/12/2023 8:35:00;2373,4;13/12/2023 22:35:00;2421,7;4829,99999999997;0;30,0000000000182;4859,99999999999
470;GC;PdReLong;F1Tf2;1;Long;29/12/2023 12:20:00;2455,6;29/12/2023 22:35:00;2452,7;-290,000000000009;0;769,999999999982;280,000000000018
471;GC;PdReLong;F1Tf2;1;Long;02/01/2024 17:05:00;2448,5;02/01/2024 22:35:00;2447,6;-90,0000000000091;0;140,000000000009;840,000000000009
472;GC;PdReLong;F1Tf2;1;Long;03/01/2024 11:05:00;2445,2;03/01/2024 22:35:00;2429,8;-1539,99999999996;0;2659,99999999999;50
473;GC;PdReLong;F1Tf2;1;Long;05/01/2024 15:05:00;2427,3;05/01/2024 22:35:00;2432,2;489,999999999964;0;140,000000000009;2409,99999999999
474;GC;PdReLong;F1Tf2;1;Long;08/01/2024 14:05:00;2411,3;08/01/2024 22:35:00;2415;369,999999999982;0;640,000000000009;1259,99999999999
475;GC;PdReLong;F1Tf2;1;Long;10/01/2024 16:50:00;2415,3;10/01/2024 22:35:00;2409,3;-600;0;910,000000000036;19,9999999999818
476;GC;PdReLong;F1Tf2;1;Long;11/01/2024 20:35:00;2409;11/01/2024 22:35:00;2413,3;430,000000000018;0;90,0000000000091;530,000000000018
477;GC;PdReLong;F1Tf2;1;Long;12/03/2024 7:05:00;2543,6;12/03/2024 21:35:00;2524;-1959,99999999999;0;2600;559,999999999991
478;GC;PdReLong;F1Tf2;1;Long;14/03/2024 17:05:00;2522,8;14/03/2024 21:35:00;2528,4;559,999999999991;0;50;809,999999999991
479;GC;PdReLong;F1Tf2;1;Long;18/03/2024 1:05:00;2521,1;18/03/2024 21:35:00;2524,9;380,000000000018;0;1050;750
480;GC;PdReLong;F1Tf2;2;Long;22/03/2024 8:50:00;2530,2;24/03/2024 23:10:00;2528,9;-259,999999999945;0;2079,99999999993;2600
481;GC;PdReLong;F1Tf2;1;Long;05/04/2024 7:50:00;2638,8;05/04/2024 22:35:00;2683,5;4469,99999999998;0;370,000000000027;5089,99999999996
482;GC;PdReLong;F1Tf2;1;Long;10/04/2024 16:20:00;2700,3;10/04/2024 22:35:00;2690,9;-940,000000000009;0;1670,00000000003;1039,99999999996
483;GC;PdReLong;F1Tf2;1;Long;15/04/2024 16:50:00;2705,1;15/04/2024 22:35:00;2739,5;3440,00000000001;0;650;3890,00000000001
484;GC;PdReLong;F1Tf2;1;Long;23/04/2024 16:05:00;2682,6;23/04/2024 22:35:00;2675,8;-679,999999999973;0;1509,99999999999;290,000000000009
485;GC;PdReLong;F1Tf2;1;Long;25/04/2024 6:20:00;2665,6;25/04/2024 22:35:00;2683,9;1830,00000000002;0;209,999999999991;3170,00000000003
486;GC;PdReLong;F1Tf2;1;Long;29/04/2024 3:35:00;2680,2;29/04/2024 22:35:00;2687,3;710,000000000036;0;950;1840,00000000001
487;GC;PdReLong;F1Tf2;1;Long;01/05/2024 7:20:00;2636,5;01/05/2024 22:35:00;2669,2;3269,99999999998;0;300;4269,99999999998
488;GC;PdReLong;F1Tf2;1;Long;22/07/2024 15:05:00;2713,2;22/07/2024 22:35:00;2717,8;460,000000000036;0;1050;610,000000000036
489;GC;PdReLong;F1Tf2;1;Long;25/07/2024 1:05:00;2715,2;25/07/2024 22:35:00;2678,4;-3679,99999999997;0;4579,99999999997;310,000000000036
490;GC;PdReLong;F1Tf2;1;Long;08/10/2024 5:20:00;2930,6;08/10/2024 22:35:00;2912,9;-1769,99999999998;0;3619,99999999998;1280,00000000002
491;GC;PdReLong;F1Tf2;1;Long;23/10/2024 18:05:00;3006,4;23/10/2024 22:35:00;2999,5;-690,000000000009;0;1000;150
492;GC;PdReLong;F1Tf2;1;Long;04/11/2024 10:20:00;3013,9;04/11/2024 22:35:00;3016,3;240,000000000009;0;190,000000000009;1459,99999999999
493;GC;PdReLong;F1Tf2;1;Long;05/11/2024 4:50:00;3013,9;05/11/2024 22:35:00;3024,6;1069,99999999998;0;259,999999999991;1659,99999999999
494;GC;PdReLong;F1Tf2;1;Long;06/11/2024 8:35:00;3005,6;06/11/2024 14:30:00;2955,6;-5000;0;5000;820,000000000027
495;GC;PdReLong;F1Tf2;1;Long;07/11/2024 3:20:00;2933,2;07/11/2024 21:20:00;2984,2;5100;0;400;5100
496;GC;PdReLong;F1Tf2;1;Long;12/11/2024 14:35:00;2892,1;12/11/2024 22:35:00;2875,3;-1679,99999999997;0;2229,99999999997;300
497;GC;PdReLong;F1Tf2;1;Long;14/11/2024 17:35:00;2852,1;14/11/2024 22:35:00;2841,6;-1050;0;1209,99999999999;159,999999999991
498;GC;PdReLong;F1Tf2;1;Long;25/11/2024 9:20:00;2942,1;25/11/2024 19:20:00;2892,1;-5000;0;5000;1880,00000000002
499;GC;PdReLong;F1Tf2;1;Long;26/11/2024 1:35:00;2892,7;26/11/2024 22:35:00;2904,6;1190,00000000001;0;1139,99999999996;2060,00000000004
500;GC;PdReLong;F1Tf2;1;Long;06/02/2025 16:50:00;3091,5;06/02/2025 22:35:00;3098,6;709,999999999991;0;80,0000000000182;940,000000000009
501;GC;PdReLong;F1Tf2;1;Long;12/02/2025 12:50:00;3127,3;12/02/2025 22:35:00;3146;1869,99999999998;0;2220,00000000003;2779,99999999997
502;GC;PdReLong;F1Tf2;1;Long;21/02/2025 10:50:00;3159,6;21/02/2025 22:35:00;3169,2;959,999999999991;0;590,000000000009;1880,00000000002
503;GC;PdReLong;F1Tf2;1;Long;03/04/2025 16:20:00;3326,3;03/04/2025 22:35:00;3320,4;-590,000000000009;0;1670,00000000003;2229,99999999997
504;GC;PdReLong;F1Tf2;1;Long;07/04/2025 0:50:00;3222,9;07/04/2025 19:05:00;3172,9;-5000;0;5000;5059,99999999999
505;GC;PdReLong;F1Tf2;1;Long;09/04/2025 2:05:00;3181,1;09/04/2025 8:15:00;3232,1;5100;0;540,000000000009;5100
506;GC;PdReLong;F1Tf2;1;Long;23/04/2025 3:20:00;3569,4;23/04/2025 7:45:00;3519,4;-5000;0;5000;1569,99999999998
507;GC;PdReLong;F1Tf2;1;Long;25/04/2025 8:35:00;3496,2;25/04/2025 22:35:00;3509,6;1340,00000000001;0;3229,99999999997;1810,00000000004
508;GC;PdReLong;F1Tf2;1;Long;30/04/2025 15:20:00;3507,3;30/04/2025 22:35:00;3490,3;-1700;0;1790,00000000001;1189,99999999996
509;GC;PdReLong;F1Tf2;1;Long;10/09/2025 0:50:00;3770,6;10/09/2025 22:35:00;3783,1;1250;0;1059,99999999999;3040,00000000001
510;GC;PdReLong;F1Tf2;1;Long;15/09/2025 3:35:00;3772,7;15/09/2025 18:00:00;3823,7;5100;0;289,999999999964;5100
511;GC;PdReLong;F1Tf2;1;Long;17/09/2025 15:05:00;3817,5;17/09/2025 22:35:00;3797,3;-2019,99999999998;0;3450;3000
512;GC;PdReLong;F1Tf2;1;Long;18/09/2025 9:35:00;3786,2;18/09/2025 22:35:00;3782,8;-339,999999999964;0;2219,99999999998;2460,00000000004
513;GC;PdReLong;F1Tf2;1;Long;02/10/2025 21:35:00;3985,3;02/10/2025 22:35:00;3984,6;-70,0000000000273;0;440,000000000009;269,999999999982
514;GC;PdReLong;F1Tf2;1;Long;17/10/2025 19:50:00;4337,8;17/10/2025 22:35:00;4364,1;2630,00000000002;0;930,000000000018;2669,99999999998
515;GC;PdReLong;F1Tf2;1;Long;22/10/2025 3:20:00;4233;22/10/2025 10:20:00;4183;-5000;0;5000;4550
516;GC;PdReLong;F1Tf2;1;Long;24/10/2025 11:20:00;4188,4;24/10/2025 15:25:00;4239,4;5100;0;2919,99999999998;5100
517;GC;PdReLong;F1Tf2;1;Long;27/10/2025 10:50:00;4160;27/10/2025 15:20:00;4110;-5000;0;5000;830,000000000018
518;GC;PdReLong;F1Tf2;1;Long;03/11/2025 1:50:00;4085,5;03/11/2025 8:05:00;4136,5;5100;0;750;5100
519;GC;PdReLong;F1Tf2;1;Long;04/11/2025 16:50:00;4078,4;04/11/2025 22:35:00;4047,5;-3090,00000000001;0;3420,00000000003;1140,00000000001
520;GC;PdReLong;F1Tf2;1;Long;31/12/2025 8:05:00;4405,7;31/12/2025 22:35:00;4390,8;-1489,99999999996;0;2359,99999999995;2919,99999999998
521;GC;PdReLong;F1Tf2;1;Long;29/01/2026 17:05:00;5241,3;29/01/2026 17:05:00;5292,3;5100;0;0;5100
522;GC;PdReLong;F1Tf2;1;Long;30/01/2026 10:05:00;5174,4;30/01/2026 10:10:00;5124,4;-5000;0;5000;1770,00000000007
523;GC;PdReLong;F1Tf2;1;Long;02/02/2026 2:35:00;4749,1;02/02/2026 2:55:00;4800,1;5100;0;3240,00000000005;5100
524;GC;PdReLong;F1Tf2;1;Long;05/02/2026 4:35:00;4909,3;05/02/2026 7:10:00;4960,3;5100;0;3669,99999999998;5100
525;GC;PdReLong;F1Tf2;1;Long;06/02/2026 2:05:00;4809,7;06/02/2026 2:05:00;4759,7;-5000;0;5000;0
526;GC;PdReLong;F1Tf2;1;Long;23/03/2026 14:05:00;4512,2;23/03/2026 14:20:00;4462,2;-5000;0;5000;740,000000000055
527;GC;PdReLong;F1Tf2;1;Long;26/03/2026 16:05:00;4492,1;26/03/2026 17:25:00;4442,1;-5000;0;5000;459,999999999945
528;GC;PdReLong;F1Tf2;1;Long;02/04/2026 7:05:00;4699,3;02/04/2026 7:50:00;4649,3;-5000;0;5000;730,000000000018
529;GC;PdReLong;F1Tf2;1;Long;13/04/2026 8:35:00;4753,7;13/04/2026 22:35:00;4763,2;950;0;3119,99999999998;2069,99999999998
